<?xml version="1.0" encoding="UTF-8"?>
<?xml-stylesheet type="text/xsl" href="G:\Impel\SPE XML\Asad\April\13-04-2020\SPE.xsl"?>
<article xmlns:xlink="http://www.w3.org/1999/xlink" xmlns:mml="http://www.w3.org/1998/Math/MathML" xmlns:xsi="http://www.w3.org/2001/XMLSchema-instance" xml:lang="ENGLISH" article-type="CONFERENCE PAPER" dtd-version="1.0">
<front>
<journal-meta>
<journal-id journal-id-type="publisher-id">CONFERENCE PAPER</journal-id>
<issn specific-use="dummy">XXXXX</issn>
<publisher>
<publisher-name>Society of Petroleum Engineers</publisher-name>
<publisher-name specific-use="society-code">SPE</publisher-name>
</publisher>
</journal-meta>
<article-meta>
<article-id pub-id-type="doi">10.2118/50070-MS</article-id>
<article-id pub-id-type="publisher-id">SPE-50070-MS</article-id>
<article-id specific-use="manufacturer">50070-MS</article-id>
<title-group>
<article-title>Blackback Field Development - An Example of Technical and Commercial Risk Mitigation in a Deepwater Marginal Field</article-title>
</title-group>
<contrib-group>
<contrib contrib-type="author">
<name>
<surname>Perrett</surname>
<given-names>T.L.</given-names>
</name>
<aff>
<institution>BHP Petroleum</institution>
</aff>
</contrib>
<contrib contrib-type="author">
<name>
<surname>Garven</surname>
<given-names>I.M.</given-names>
</name>
<aff>
<institution>BHP Petroleum</institution>
</aff>
</contrib>
</contrib-group>
<pub-date pub-type="epub">
<day>4</day>
<month>4</month>
<year>2013</year>
</pub-date>
<pub-date pub-type="ppub">
<year>1998</year>
</pub-date>
<isbn>978-1-55563-380-6</isbn>
<supplementary-material content-type="final" mimetype="application/pdf" xlink:href="SPE-50070-MS/SPE-50070-MS.pdf"/>
<permissions>
<copyright-statement>1998. Society of Petroleum Engineers</copyright-statement>
<license license-type="ccc">
<license-p>Proc</license-p>
</license>
<license license-type="pricing">
<license-p>
<price content-type="price-code">SPEMTG</price>
</license-p>
</license>
</permissions>
<abstract>
<title>Abstract</title>
<p>The Blackback structure is a large, top-Latrobe, eroded and faulted anticline within the Gippsland Basin of south east Australia. Despite its large areal extent, it is a commercially marginal field due to reserves uncertainty, deep water and the practical difficulties of development. Proximity to existing infrastructure helps to make this marginal field commercial.</p>
<p>Five wells have been drilled on the Blackback feature, and have intersected reservoirs with greatly varied geological and geophysical properties. The resulting uncertainty over the ultimate recovery remains, despite the five wells drilled to date. This paper describes the geological and development risk mitigation undertaken by a non-operating Joint Venturer to reduce the technical and commercial uncertainty pertaining to a second phase of development. This includes the development of a predictive depositional model targeted at the upside potential and maximum use of existing infrastructure.</p>
</abstract>
<self-uri xlink:href="https://www.onepetro.org/conference-paper/SPE-50070-MS"/>
<kwd-group kwd-group-type="discipline">
<kwd>
<named-content content-type="code">5.1.3 Sedimentology</named-content>
</kwd>
<kwd>
<named-content content-type="code">5.5.2 Core Analysis</named-content>
</kwd>
<kwd>
<named-content content-type="code">5.1.1 Exploration, Development, Structural Geology</named-content>
</kwd>
<kwd>
<named-content content-type="code">4.1.5 Processing Equipment</named-content>
</kwd>
<kwd>
<named-content content-type="code">5.1.2 Faults and Fracture Characterisation</named-content>
</kwd>
<kwd>
<named-content content-type="code">4.2 Pipelines, Flowlines and Risers</named-content>
</kwd>
<kwd>
<named-content content-type="code">1.2.3 Rock properties</named-content>
</kwd>
<kwd>
<named-content content-type="code">5.1.6 Near-Well and Vertical Seismic Profiles</named-content>
</kwd>
<kwd>
<named-content content-type="code">4.3.4 Scale</named-content>
</kwd>
<kwd>
<named-content content-type="code">1.6 Drilling Operations</named-content>
</kwd>
<kwd>
<named-content content-type="code">4.1.2 Separation and Treating</named-content>
</kwd>
<kwd>
<named-content content-type="code">5.1.5 Geologic Modeling</named-content>
</kwd>
<kwd>
<named-content content-type="code">1.14 Casing and Cementing</named-content>
</kwd>
<kwd>
<named-content content-type="code">2.4.3 Sand/Solids Control</named-content>
</kwd>
</kwd-group>
<conference>
<conf-date iso-8601-date="1998-10-12">12-14 October</conf-date>
<conf-name>SPE Asia Pacific Oil and Gas Conference and Exhibition</conf-name>
<conf-acronym>98APOGCE</conf-acronym>
<conf-loc>Perth, Australia</conf-loc>
</conference>
<counts>
<page-count count="12"/>
</counts>
<custom-meta-group>
<custom-meta>
<meta-name>Peer Reviewed</meta-name>
<meta-value>false</meta-value>
</custom-meta>
</custom-meta-group>
</article-meta>
</front>
<body>
<sec sec-type="intro">
<title>Introduction</title>
<p>The Blackback field is located in Bass Strait, approximately 90 km off the coast of Victoria and 18 km southeast of the Mackerel Platform (See <xref ref-type="fig" rid="F1">Fig. 1</xref>). The field is located in rugged terrain on the continental slope in water depths varying from less than 300m to 680 m. With the development facilities at a water depth of 400m, Blackback is the second deepest water development yet approved in Australia. In order to mitigate development risk, the development has been phased and utilises technology proven in similar deep-water developments elsewhere in the world.</p>
<fig id="F1" position="float">
<label>Fig 1</label>
<caption><p>-Location Map showing the position of Blackback with respect to the Gippsland Basin infrastructure. The inset shows the position of the map area offshore Victoria, south-eastern Australia.</p></caption>
<graphic xmlns:xlink="http://www.w3.org/1999/xlink" xlink:href="SPE-50070-MS_fig_01.tif"/> 
</fig>
<p>The sub-sea development is to be undertaken in phases in order to mitigate uncertainty associated with structural elevation and reservoir distribution, and hence reserves. The first phase will consist of a series of three, daisy-chained, subsea completions tied by a 23 km pipeline into producing facilities on the nearby Mackerel Platform. The pipeline will rise 300m in elevation from the wellheads to the base of the Mackerel Jacket (see <xref ref-type="fig" rid="F2">Fig. 2</xref>). The wellheads will be located centrally in the field and the wells will be deviated to the target locations. Peak total crude oil production is expected to reach 18,000 barrels of oil per day (BOPD) in the first year of production, with first oil scheduled for the first quarter of 1999.</p>
<fig id="F2" position="float">
<label>Fig 2</label>
<caption><p>-Blackback Development Concept Note change in pipeline elevation, requiring the pipeline to be gas lifted.</p></caption>
<graphic xmlns:xlink="http://www.w3.org/1999/xlink" xlink:href="SPE-50070-MS_fig_02.tif"/> 
</fig>
<p>The first phase of the development was designed to exploit reserves already identified, in areas of known, good-quality reservoir and adequate reserves. Risk associated with further appraisal drilling during development is avoided by the drilling of twins to the Terakihi-1, Blackback-1 and Blackback-2 wells. One of the major technical challenges facing Phase 1 is to provide new technical data, which, when combined with studies already undertaken by the Joint Venture, will build a predictive geological model that will reduce uncertainty regarding reservoir distribution, and depth conversion, and to identify the upside required to initiate Phase 2. The work must be focussed and inexpensive to preserve the profitability of Phase 1, and must complement and support that of the Operator, while at the same time mitigating the risk associated with a second stage of development.</p>
</sec>
<sec>
<title>Discovery and Appraisal</title>
<p>The Blackback field has been penetrated by five wells to date. The first was Hapuku-1 in 1975, drilled on the basis of an interpretation of a set a of 2D seismic lines shot over the prospect in the late 1960s and early 1970s. The mapping, coupled with an insightful interpretation of the velocity field, produced a structural high at the Hapuku location. Hapuku-1 intersected what was interpreted at the time to be a thin hydrocarbon column. The discovery was considered to be non-commercial, and the permit area was later relinquished.</p>
<p>In 1987, BHPP was awarded the Vic/P24 exploration permit which included the area now known to contain the Blackback field. Esso Australia Ltd. subsequently farmed into the permit in 1989 and became the Operator. In that same year, the Joint Venture acquired the Blackback 3D seismic cube. The interpretation of these data, and the production of a revised set of depth maps, saw the drilling of a further four appraisal wells to delineate the Blackback structure. These were Blackback-1/1 ST (1989, 1508 BOPD), Terakihi-1 (1990), Blackback-2 (1992, 6600 BOPD) and Blackback-3 (1994). This campaign established a 29m proven oil column to a field oil-water contact at -2834m TVD sub-sea. Blackback-2 also intersected a 40m gas column immediately above, but apparently separated from the oil. All wells penetrated the oil column, but encountered stratigraphic sections of varying reservoir age and quality. This resource uncertainty, combined with the relatively high expense of deep-water development, has delayed the Blackback development until now.</p>
</sec>
<sec>
<title>Field Geology</title>
<p>The Blackback Field is located at the edge of the present-day continental shelf in rugged, incised, shelf-edge to slope terrain (See <xref ref-type="fig" rid="F3">Fig.3</xref>).</p>
<fig id="F3" position="float">
<label>Fig. 3</label>
<caption><p>-Blackback field outline Imposed on the bathymetric map. Note the rugged, canyonised, seafloor terrain which has caused development difficulties and seismic data problem</p></caption>
<graphic xmlns:xlink="http://www.w3.org/1999/xlink" xlink:href="SPE-50070-MS_fig_03.tif"/> 
</fig>
<p>Blackback is an oil and gas accumulation contained in differing reservoirs beneath the &#x2018;Top of Latrobe&#x2019; unconformity in a faulted and eroded anticline. Faulting continued to develop intermittently through the period of reservoir deposition. The faults trend across the field approximately NNW to SSE. To what extent the fault activity influenced sedimentary axes and thickness is unclear from seismic data, although there is undoubtedly some relationship.</p>
<p>Reservoir horizons ranging from Cretaceous to Eocene in age have all been penetrated within the field; their quality varying from multi-darcy nearshore sandstones to non-productive, clay-choked, distal-marine sediments (See <xref ref-type="fig" rid="F4">Fig. 4</xref>).</p>
<fig id="F4" position="float">
<label>Fig. 4</label>
<caption><p>-Top-of-Latrobe Subcrop Map. Indicates the Palaeocene in the north-eastern part of the field and the approximate track of the A1 development well.</p></caption>
<graphic xmlns:xlink="http://www.w3.org/1999/xlink" xlink:href="SPE-50070-MS_fig_04.tif"/> 
</fig>
<p>The changes in reservoir type across the field, resulted from variations in depositional water-depth in a continental shelf to outer-shelf environment. Depositional style varied in nature from accretionary to erosive. Cretaceous shelf topography was affected by late-stage fault movement which resulted in a rugged Palaeocene shelf surface. This surface was filled in by Palaeocene shelf sedimentation under quiet tectonic conditions. Further uplift caused Eocene incision and erosion of the Palaeocene and Cretaceous reservoir units to form the complex Top-Latrobe subcrop of channels and erosional remnants observed today. The distribution of the various reservoir segments encountered in the field has been mapped using the 1989 3D seismic.</p>
<p>From the strategic point of view, and given the great complexity of the reservoir, the modelling has concentrated on the Palaeocene interval as it is most likely to provide easily identifiable upside reserves potential and is therefore the most reliable basis for Phase 2, with the added benefit that it has provided the best quality data. It is also possible, in the north-eastern part of the field (referred to as the North-East Palaeocene or NEP) and within the range of allowable velocity variation, to develop additional structure in areas where the Top Latrobe is flat lying in time and is thought to be sub-cropped by the Palaeocene. It is further possible to extrapolate good quality Palaeocene reservoir into the area based on a model generated from well data.</p>
<p>It is recognised that the Eocene and Cretaceous also offer some upside potential. However, given the physical constraints on collecting new data (imposed by the Phase 1 development plan), and the poor quality of data collected to date, this upside is more difficult to define.</p>
</sec>
<sec>
<title>Focus Reservoir - Palaeocene</title>
<p>The Blackback Palaeocene section is observed above the oil- water contact in Blackback-2 and Hapuku-1, and below the contact in Blackback-3. It was not encountered in Blackback- 1 or Terakihi-1. The section is best developed in Blackback-2 where an overall thickness of 95m was penetrated. The section is regarded as incomplete in all the wells in which it has been encountered, due to the unconformable and erosive nature of the contact with the overlying Eocene, or the direct subcrop under the Top Latrobe Unconformity.</p>
<sec>
<title>Palaeocene Lithotypes</title>
<p>Interpretation of data from conventional cores, ditch cuttings, wireline logs and FMI/FMS identified four major lithotypes within the Palaeocene interval of the Blackback field. Lithotypes are based on grain-size, sedimentary features and degree of bioturbation.</p>
<p>Lithotype 1: Medium to coarse-grained, massive to weakly cross-bedded, poorly sorted sandstone, grading up to gravel.</p>
<p>Lithotype 2: Medium to coarse-grained, massive to cross- bedded, partly bioturbated, lightly glauconitic sandstone.</p>
<p>Lithotype 3: Fine to medium-grained, highly glauconitic, moderately to highly bioturbated sandstone.</p>
<p>Lithotype 4: Bioturbated fine-grained siltstone.</p>
<p><italic>lithotype 1</italic> forms the main oil-bearing reservoir rock of the Palaeocene interval in the southern-central part of the field and was penetrated by the Blackback-2 and Hapuku- 1 wells. It is a coarse to medium-grained, feldspathic, litharenite. It is a poorly sorted sandstone grading to gravel in places (See <xref ref-type="fig" rid="F5">Fig. 5</xref>).</p>
<fig id="F5" position="float">
<label>Fig. 5</label>
<caption><p>-Llthographic description of Lithotypes 1 and 2 from cores and electric logs, idealised lithotypes are also shown.</p></caption>
<graphic xmlns:xlink="http://www.w3.org/1999/xlink" xlink:href="SPE-50070-MS_fig_05.tif"/> 
</fig>
<fig id="F6" position="float">
<label>Fig. 6</label>
<caption><p>-Lithographlc description of Lithotypes 3 and 4 from cores and electric logs. Idealised lithotypes are also shown.</p></caption>
<graphic xmlns:xlink="http://www.w3.org/1999/xlink" xlink:href="SPE-50070-MS_fig_06.tif"/> 
</fig>
<p><italic>Lithotype 1</italic> sandstones occur as a series of stacked units, each a few metres in thickness, generally with sharp, erosive bases. Some units exhibit fining-upward tops to a medium sand over the upper few tens of centimetres, while some others coarsen upwards. Within the main body of each unit, sedimentary structuring is massive to vaguely preserved cross-bedding. In the finer-grained tqps, occasional rippling and some planar bedded features are preserved. Minor burrowing is observed in places.</p>
<p>Petrographic analysis shows that the predominant framework grains are monocrystalline, igneous quartz with common microcline feldspar, minor biotite, and trace chert, muscovite and clay-altered grains. These sandstones are frequently dolomite-cemented.</p>
<p>Porosity ranges in this lithotype from 16&#x0025; to 19&#x0025;, and with permeabilities ranging from 1400 to 2600 md. Where present, the dolomite cement can destroy intergranular porosity.</p>
<p>When taken in conjunction with the other lithotypes, the observation that these units occur as series of coarse-grained, stacked sandstone bodies, with a combination of sharp bases and massive to weakly cross-bedded sequences, suggests deposition in a near-shore to mid-shelf sand-ridge sequence, occasionally cut through by washover channels, (analogous to those described by <xref ref-type="bibr" rid="R1">Brenner</xref> See <xref ref-type="fig" rid="F7">Fig. 7</xref>). Although sand body orientation is uncertain they are thought to be essentially linear in nature and roughly normal to the prevailing wind direction (or parallel to the waves). The recurrence of this lithotype through the section suggests that the shoreline was fluctuating with time, and that the bars were migrating with changing water depth across the whole Blackback area.</p>
<fig id="F7" position="float">
<label>Fig. 7</label>
<caption><p>-. Model for sedimentary depositional cycles for the Palaeocene at Blackback. (A) The sand units depicted here are migrating sand sheets and produce bodies that are elongate and parallel to the shoreline at about the middle to outer shelf (after <xref ref-type="bibr" rid="R1">Brenner, 1978</xref>). (B) This section shows the Blackback Palaeocene in the context of theideallsed sequence described by Selley. (Modified after <xref ref-type="bibr" rid="R2">Selley, 1985</xref>)</p></caption>
<graphic xmlns:xlink="http://www.w3.org/1999/xlink" xlink:href="SPE-50070-MS_fig_07.tif"/> 
</fig>
<p>The relatively immature nature of the sandstones (which contain feldspathic lithics and biotite) indicates that the transport to the area must have been relatively rapid, but not high energy to the extent that more unstable minerals were destroyed or winnowed out. This process of transport must have been through a combination of fluvial and shelf processes.</p>
<p><italic>Lithotype 2</italic> forms a secondary, poorer quality reservoir within the Palaeocene interval. It is observed in the all three wells to penetrate the Palaeocene.</p>
<p><italic>Lithotype 2</italic> sandstones occur as medium to coarse-grained, massive to weakly structured, slightly bioturbated and lightly glauconitic sandstones, (see <xref ref-type="fig" rid="F5">Fig. 5</xref>). This lithotype commonly occurs in association, and interbedded, with <italic>Lithotype 3.</italic></p>
<p>Porosity in this lithotype is around 17&#x0025;, and corresponding permeabilities around 430 - 500 md.</p>
<p>This lithotype occurs as a series of sand bodies ranging in thickness from tens of centimetres up to five metres. The glauconitic content and degree of bioturbation vary from unit to unit. Tractive sedimentary structures are rare and generally poorly preserved. Some low-angle cross-bedding is observed. Carbonaceous material, pyrite nodules and micaceous material occur throughout this lithotype.</p>
<p>On a microscopic scale, this <italic>Lithotype 2</italic> is described as a medium to fine-grained, moderately sorted, argillaceous, micaceous, glauconitic, feldspathic litharenite. The predominant framework grains are monocrystalline igneous quartz, with common albite and microcline feldspars, glauconite and biotite, and minor clay altered grains.</p>
<p>The high glauconite content within this lithotype, combined with the moderate-to-high levels of bioturbation, lead to the interpretation that this lithotype was deposited in a low- energy, marine environment, most likely at, or deeper than, storm-weather wave-base on the continental shelf. The presence of bioturbation and glauconite is consistent with slow sedimentation rates and the absence of currents to rework the bed tops. The sharp bases to some of the sandstone bodies are consistent with distal storm-washover fans and channels, whereas the more gradational contacts would indicate a more gradual transition from quiet to a slightly more energetic environment of deposition in a mid-shelf environment.</p>
<p>Macroscopically, <italic>Lithotype 2</italic> is very similar to <italic>Lithotype 3</italic> (see below), except that its median grain size is coarser and that it has a noticeably lower glauconite content. It is considered to be sufficiently different to <italic>Lithotype 3</italic> in terms of its economic properties (reservoir parameters) and log response to be identified as a separate lithotype, although it is thought to have been deposited in an environment, and by sedimentary processes generally similar to <italic>Lithotype 3.</italic> The coarser nature and reduced glauconite content of <italic>Lithotype 2</italic> probably indicate slightly higher energy conditions and shallower water within the depositional system.</p>
<p><italic>Lithotype 3</italic> also forms a lower quality reservoir within the Palaeocene interval. It is observed in the all of the three wells to have penetrated the Palaeocene. It is very similar to, and occurs in association with <italic>Lithotype 2,</italic> but in terms of reservoir parameters it is a slightly poorer quality reservoir than <italic>Lithotype 2</italic>.</p>
<p><italic>Lithotype 3</italic> consists of medium to fine-grained, massive to weakly structured, highly glauconitic, bioturbated sandstone (see <xref ref-type="fig" rid="F6">Fig. 6</xref>).</p>
<p>This lithotype occurs as a series of sand bodies ranging in thickness from tens of centimetres up to five metres. The glauconitic content and degree of bioturbation vary from unit to unit. Original sedimentary structures are rare and generally poorly preserved. The <italic>Lithotype 3</italic> sandstones exhibit both sharp, erosive bases and also more gradational bases and tops. Some low-angle cross-bedding is preserved. Carbonaceous material, pyrite nodules and micaceous material occur throughout this lithotype.</p>
<p>On a microscopic scale, <italic>Lithotype 3</italic> is similar to <italic>Lithotype 2</italic>.</p>
<p>Porosity in this lithotype is around 14&#x0025;, with corresponding permeabilities around 20 - 40 md.</p>
<p>The high glauconite content found in <italic>Lithotype 3,</italic> combined with the moderate-to-high levels of bioturbation, lead to the interpretation that this lithotype was deposited in a low- energy, marine, mid-to-outer shelf environment, most likely at, or deeper than, storm-weather wave-base, and probably slightly deeper than Lithotype 2. The presence of the bioturbation and glauconite is consistent with slow sedimentation rates and the absence of currents to rework the bed tops. As for <italic>Lithotype 2,</italic> the sharp bases to some of the sandstone bodies are consistent with distal storm-washover fans and channels, whereas the more gradational contacts would indicate a more gradual transition from quiet to a slightly more energetic environment of deposition.</p>
<p><italic>Lithotype 4,</italic> was cored in Blackback-2 where it forms a 2.5m sealing unit between the gas and oil reservoirs. It is also interpreted, by comparing core data with log data, to occur as a 2.5m bed at the top of the Palaeocene sequence in Hapuku-1. In both wells, the thickness of the bed may have been reduced by erosion. <italic>Lithotype 4</italic> occurs as an argillaceous, bioturbated siltstone (see <xref ref-type="fig" rid="F6">Fig 6</xref>).</p>
<p>No petrographic analysis was performed for this lithotype.</p>
<p><italic>Lithotype 4</italic> is a light grey to reddish brown bioturbated siltstone, occurring at the top of a deepening <italic>Lithotype 2/3</italic> sequence. It represents the deepest water environment interpreted for the Blackback Palaeocene. This interpretation is consistent with the outer shelf environment, well below wave-base and relatively starved of sediment supply. More distal sand-bars may have coexisted in this environment, as is evidenced by the immediately overlying sharp-based <italic>Lithotype 3</italic> sandstone seen in Blacback-2</p>
</sec>
</sec>
<sec>
<title>Palaeocene Depositional Model</title>
<p>Taken collectively, the lithotypes described above comprise a system of elongate, near-shore to offshore sand-bars or ridges, possibly developed as a result of storms, in an otherwise quiescent mid-to-outer shelf environment. Similar classic environments are described in 2 , after the work of others including: 3; 4; 5; 6; 7 and 1 with particular reference to the Cretaceous terrigenous shoreline prism of the Rocky Mountains area. The fact that Blackback is very near the current shelf edge suggests that a sea level lowstand may have prevailed at the time, placing the Palaeocene shoreline relatively far out on the shelf.</p>
<p>Fluctuations in water-depth and shoreline migration at Blackback, combined with possible sand ridge migration may have allowed the sand ridges to develop into sand sheets which persisted across much of the field</p>
<p>In-between and below the sand ridges, the environment appears to have been relatively quiet (outer continental shelf to mid-shelf, arenaceous to silty with abundant biotic activity). True clays are rare and hence true deep water is not thought to have developed in this area.</p>
</sec>
<sec>
<title>Implications of the Palaeocene Model for the North East Palaeocene area</title>
<p>The aim of developing this model was to aid in the understanding of Palaeocene reservoir distribution, based on data acquired from three wells. While there is much uncertainty associated with the depositional model, it does propose a mechanism that can distribute high quality sand bodies over much of the field area. The mechanism is based upon the hypothesis that sediment deposition and distribution are related to minor changes of sea-level in a time of relative Palaeocene lowstand. Using analogies elsewhere, these sea- level changes appear to permit the extrapolation of high quality, <italic>Lithotype 1</italic> sand ridges, or sheets, across the field and into the NEP area.</p>
<p>While it could be argued that the sedimentological model proposed here offers a reasonable basis on which to expect the presence of good quality reservoir in the NEP area, the information required to encourage development of the area relates to structure as well as to the presence of reservoir.</p>
<p>The Joint venture intends to evaluate NEP structure during the drilling of the A1 (Terakihi twin) development well. The deviated track of this well will traverse the NEP structure. It is intended to acquire down-hole seismic data during operations on this well. The geophones will be placed below the critical velocity anomalies in the shallow section, such that the structural flattening effect and noise are eliminated, and so that a more accurate structural model can be generated (see <xref ref-type="fig" rid="F8">Fig. 8</xref>).</p>
<fig id="F8" position="float">
<label>Fig. 8</label>
<caption><p>-. Shows in principle how a vertical incident VSP along the track of development well A1 will achieve a seismic response at Top Latrobe (yellow) free of noise from the rugged seafloor and free of velocity anomalies from the mid section channeling. In order to illustrate this point, the well deviation has been slightly exaggerated (after AndrewSutheriand).</p></caption>
<graphic xmlns:xlink="http://www.w3.org/1999/xlink" xlink:href="SPE-50070-MS_fig_08.tif"/> 
</fig>
<p>Following the acquisition of the seismic data, a risked volume will be developed for the NEP. If, on a risked basis, the calculated volume exceeds the volume attributable to one of the remaining two development wells, the possibility of changing one of these wells for a NEP well will be considered.</p>
<p>In this way, the NEP can be appraised and possibly developed in the short term with minimal risk, and Phase 2 reserves underpinned with one of the currently planned Phase 1 twin wells thus guaranteeing a minimum Phase 2 reserves base.</p>
</sec>
<sec>
<title>Other Reservoirs</title>
<sec>
<title>Eocene</title>
<p>Sediments of Eocene age are widespread over the Blackback feature, particularly in the west and the south-east. In the south-east they were penetrated by Blackback-1 (and ST1) and found to exhibit only moderate reservoir quality. In the Phase-1 development, they will be developed by a long- section horizontal well in order to gain maximum productivity. They were also encountered by Blackback-3 in the west of the field where they consist of clay-rich siltstones. This western area is not a Phase 1 target.</p>
<p>Eocene sediments were cored in both the Blackback-l(and ST1) and Blackback-3 wells. Cored intervals are generally sandy, with high glauconite and siderite content. Glauconite is seen as pervasive throughout the Eocene sediments, while siderite occurs more usually as discrete bands. Original sedimentary structures and reservoir quality have been destroyed by intense bioturbation and reworking of sediments. Seismic facies mapping suggests that that these sediments are found in channels, in the shelf zone. Descriptions from cuttings, and analysis of wireline logs, suggest that the remainder of the Eocene interval in the western area consists of sediments of a similar nature.</p>
<p>However, production testing, petrophysical and petrographical studies show that there is significantly better reservoir quality in the Eocene of the south-eastern area of the field. It has been demonstrated that the clay fraction, consisting of micro-porous glauconite, chlorite and mixed- layer illite/smectite is 25&#x0025; greater in the west than in the south-east. Seismically, these areas both show channelling and a similar environment of deposition is suggested. It is postulated that the south eastern section was positioned more optimally in the channel system, i.e. in an area of greater hydraulic activity resulting in a higher degree of winnowing during primary deposition. As a result the sediments in this area were later less affected by bioturbation.</p>
</sec>
<sec>
<title>Cretaceous</title>
<p>The Cretaceous section offers the best quality reservoir yet found in the field, and it is a principal target of the Phase 1 development. It is found along the eastern most fault trend of the field and will be developed using the A1 &#x2018;twin&#x2019; to the Terakihi-1 well.</p>
<p>Subcrop mapping indicates that Cretaceous sediments are probably limited to the eastern flank of the field. The most valuable reservoir information cranes from unconsolidated Cretaceous cores cut from Terakihi-1 where a system of stacked beach and near-shore bars, exhibiting massive bedding with scouring at the bases of units and some minor upward fining, suggesting that the Cretaceous sandstones are from a high-energy, shallow-marine environment. These sandstones generally comprise a very coarse, clean succession which is dolomite cemented in places, but otherwise exhibits excellent reservoir quality. However, due to data limitations, this interpretation is not considered to be diagnostic and it has proved difficult to build a reliable, predictive reservoir model.</p>
<p>Other appraisal operations are under consideration, as a part of the Phase 1 development, to realise the upside potential of the Cretaceous and Eocene reservoirs.</p>
</sec>
</sec>
<sec sec-type="conclusions">
<title>Conclusions</title>
<p>A predictive depositional model for the Palaeocene at Blackback has been developed as a means of mitigating the commercial uncertainty associated with a Phase 2 Blackback development, without further, high risk drilling. The model proposes mid to outer shelf sedimentary sequences that permit the extrapolation of good quality reservoir into the north-east Palaeocene subcrop.</p>
<p>The proposal to acquire down-hole seismic will assist in reducing structural uncertainty in a field where seismic data quality is reduced by sea-floor channels and large scale velocity anomalies in the shallow section.</p>
</sec>
</body>
<back>
<fn-group><fn fn-type="presented-at"><p>This paper was selected for presentation by an SPE Program Committee following review of information contained in an abstract submitted by the authors). Contents of the paper, as presented, have not been renewed by the Society of Petroleum Engineers and are subject to correction by the authors). The material, as presented, does not necessarily reflect any position of the Society of Petroleum Engineers, its officers, or members. Papers presented at SPE meetings are subject to publication review by Editorial Committees of the Society of Petroleum Engineers. Electronic reproduction, distribution, or storage of any part of this paper for commercial purposes without the written consent of the Society of Petroleum Engineers is prohibited. Permission to reproduce in print is restricted to an abstract of not more than 300 words; illustrations may not be copied. The abstract must contain conspicuous acknowledgment of where and by whom the paper was presented. Write Librarian, SPE, P.O. Box 833836, Richardson, TX 75083-3838, U.S.A., fax 01-972-952-9435.</p></fn></fn-group>
<ack>
<title>Acknowledgements.</title>
<p>Interpretations and opinions expressed in this paper do not necessarily represent the views of Esso Australia Ltd.</p>
<p>Thanks go to Esso Australia Ltd and BHP Petroleum for permission to publish. Recognition and appreciation goes to the large number of Esso staff who have been involved with Blackback and provided many of the ideas expressed here. In particular, Michael Horden, John Moore, Scott Dodge and Michael Moore on the geoscientific side and to Tony Hyden on the development side.</p>
<p>Also, thanks go to and Rob Kirk and Ken Grieves who provided an alternative seismic viewpoint and to Prof. Brian Jones of Wollongong University who assisted with the facies analysis.</p>
</ack>
<ref-list>
<title>References</title>
<ref id="R1">
<label>1.</label> <mixed-citation publication-type="journal"><person-group person-group-type="author"><string-name><surname>Brenner</surname>, <given-names>R.L.</given-names></string-name></person-group>: <article-title>&#x22;Sussex sandstone of Wyoming - example of Cretaceous offshore sedimentation.&#x22;</article-title> <source>Amer. Assoc. Petrol. Geol.</source> (<year>1978</year>) <volume>62</volume>, pp <fpage>181</fpage> - <lpage>200</lpage></mixed-citation>
</ref>
<ref id="R2">
<label>2.</label> <mixed-citation publication-type="book"><person-group person-group-type="author"><string-name><surname>Selley</surname>, <given-names>R.C.</given-names></string-name></person-group>: <source>Ancient Sedimentary Environments.</source> <edition>3<sup>rd</sup> edn</edition>. <publisher-name>Chapman and Hall</publisher-name>, (<year>1971</year>) <publisher-loc>London</publisher-loc>, p. <fpage>317</fpage></mixed-citation>
</ref>
<ref id="R3">
<label>3.</label> <mixed-citation publication-type="journal"><person-group person-group-type="author"><string-name><surname>Guilcher</surname>, <given-names>A.</given-names></string-name></person-group>: <article-title>&#x22;Symposium on the evolution of shorelines and continental shelves in their mutual relations during the Quaternary.&#x22;</article-title> <source>Quatemaria</source>, (<year>1970</year>) <volume>12</volume> p. <fpage>229</fpage></mixed-citation>
</ref>
<ref id="R4">
<label>4.</label> <mixed-citation publication-type="journal"><person-group person-group-type="author"><string-name><surname>De Raaf</surname>, <given-names>J.F.M.</given-names></string-name> and <string-name><surname>Boersma</surname>, <given-names>J.R.</given-names></string-name></person-group>: <article-title>&#x22;Tidal deposits and their sedimentary structures.&#x22;</article-title> <source>Geol. Mijnb.</source> (<year>1971</year>) <volume>50</volume> pp. <fpage>479</fpage> - <lpage>504</lpage>.</mixed-citation>
</ref>
<ref id="R5">
<label>5.</label> <mixed-citation publication-type="book"><person-group person-group-type="author"><string-name><surname>Steers</surname>, <given-names>J.A.</given-names></string-name></person-group>: <source>Introduction to coastline development</source>. <publisher-name>Macmillan</publisher-name>, (<year>1971</year>) <publisher-loc>London</publisher-loc>, p.<fpage>229</fpage></mixed-citation>
</ref>
<ref id="R6">
<label>6.</label> <mixed-citation publication-type="journal"><person-group person-group-type="author"><string-name><surname>Davies</surname>, <given-names>D. K.</given-names></string-name>, <string-name><surname>Ethridge</surname>, <given-names>F.G.</given-names></string-name> and <string-name><surname>Berg</surname>, <given-names>R. R.</given-names></string-name></person-group>: <article-title>&#x22;Recognition of barrier environments.&#x22;</article-title> <source>Bull. Amer. Assoc. Petrol. Geol.</source> (<year>1971</year>) <volume>55</volume>, pp <fpage>550</fpage> - <lpage>65</lpage></mixed-citation>
</ref>
<ref id="R7">
<label>7.</label> <mixed-citation publication-type="book"><person-group person-group-type="editor"><string-name><surname>Davies</surname>, <given-names>R.A</given-names></string-name> (Ed.)</person-group>: <source>Coasted Sedimentary Environments</source>. <publisher-name>Springer - Verlag</publisher-name>, (<year>1978</year>) <publisher-loc>Berlin</publisher-loc> p. <fpage>420</fpage></mixed-citation>
</ref>
<ref id="R8">
<label>8.</label> <mixed-citation publication-type="journal"><person-group person-group-type="author"><string-name><surname>Irwin</surname>, <given-names>M.L.</given-names></string-name></person-group>: <article-title>&#x22;General theory of epeiric clear water sedimentation.&#x22;</article-title> <source>Bull. Amer. Assoc. Petrol. Geol.</source> (<year>1965</year>) <volume>49</volume>, pp <fpage>445</fpage>-<lpage>59</lpage></mixed-citation>
</ref>
</ref-list>
<glossary>
<title>Nomenclature</title>
<def-list>
<title>Nomenclature</title>
<term-head>Abbreviation</term-head>
<def-head>Explanation</def-head>
<def-item><term id="G1">2D</term> 
<def><p>= two dimensional</p></def></def-item>
<def-item><term id="G2">3D</term> 
<def><p>= three dimensional</p></def></def-item>
<def-item><term id="G3">BOPD</term> 
<def><p>= barrels of oil per day</p></def></def-item>
<def-item><term id="G4">md</term> 
<def><p>= milli Darcy</p></def></def-item>
<def-item><term id="G5">NEP</term> 
<def><p>= North East Palaeocene</p></def></def-item>
<def-item><term id="G6">ST</term> 
<def><p>= sidetrack</p></def></def-item>
<def-item><term id="G7">TOL</term> 
<def><p>= Top of Latrobe</p></def></def-item>
</def-list>
</glossary>
</back>
</article>
