<?xml version="1.0" encoding="UTF-8"?>
<?xml-stylesheet type="text/xsl" href="G:\Impel\SPE XML\Asad\April\13-04-2020\SPE.xsl"?>
<article xmlns:xlink="http://www.w3.org/1999/xlink" xmlns:mml="http://www.w3.org/1998/Math/MathML" xmlns:xsi="http://www.w3.org/2001/XMLSchema-instance" xml:lang="ENGLISH" article-type="CONFERENCE PAPER" dtd-version="1.0">
<front>
<journal-meta>
<journal-id journal-id-type="publisher-id">CONFERENCE PAPER</journal-id>
<issn specific-use="dummy">XXXXX</issn>
<publisher>
<publisher-name>Society of Petroleum Engineers</publisher-name>
<publisher-name specific-use="society-code">SPE</publisher-name>
</publisher>
</journal-meta>
<article-meta>
<article-id pub-id-type="doi">10.2118/57443-MS</article-id>
<article-id pub-id-type="publisher-id">SPE-57443-MS</article-id>
<article-id specific-use="manufacturer">57443-MS</article-id>
<title-group>
<article-title>Effects of Coalbed Reservoir Property Analysis Methods on Gas-In-Place Estimates</article-title>
</title-group>
<contrib-group>
<contrib contrib-type="author">
<name>
<surname>Nelson</surname>
<given-names>Charles R.</given-names>
</name>
<aff>
<institution>Gas Research Institute</institution>
</aff>
</contrib>
</contrib-group>
<pub-date pub-type="epub">
<day>4</day>
<month>4</month>
<year>2013</year>
</pub-date>
<pub-date pub-type="ppub">
<year>1999</year>
</pub-date>
<isbn>978-1-55563-358-5</isbn>
<supplementary-material content-type="final" mimetype="application/pdf" xlink:href="SPE-57443-MS/SPE-57443-MS.pdf"/>
<permissions>
<copyright-statement>1999. Society of Petroleum Engineers</copyright-statement>
<license license-type="ccc">
<license-p>Proc</license-p>
</license>
<license license-type="pricing">
<license-p>
<price content-type="price-code">SPEMTG</price>
</license-p>
</license>
</permissions>
<abstract>
<title>Abstract</title>
<p>Accurately determining the gas-in-place volume is a crucial element of coalbed gas resource and reservoir evaluation. Different reservoir property analysis methods can yield very different gas resource and gas-in-place values. This paper presents results from evaluations of the accuracy of commonly used reservoir property analysis methods. Many commonly used analysis methods were found to have inherent shortcomings that can result in large (50&#x0025; or greater) underestimation error in the gas-in-place value. Six major sources of error are: (1) basing the reservoir volume on the assumption that the coalbed reservoir thickness and lateral continuity are invariant, (2) using 1.75 g/cm<sup>3</sup> as the maximum log density value for determining the gross reservoir thickness, (3) using 1.32 to 1.36 g/cm<sup>3</sup> for the in-situ density of coalbed reservoirs, (4) basing the in-situ gas content on gas desorption data obtained at ambient temperature conditions, (5) basing the in-situ gas content on gas desorption data obtained from drill cuttings, and (6) basing the in-situ gas content on the assumption that the residual gas volume is negligible. Because these six error prone analysis practices have been so widely used in the past there may be significant potential for large gas-in-place and reserve estimate gains in many existing coalbed gas fields.</p>
</abstract>
<self-uri xlink:href="https://www.onepetro.org/conference-paper/SPE-57443-MS"/>
<kwd-group kwd-group-type="discipline">
<kwd>
<named-content content-type="code">5.6.1 Open hole/cased hole log analysis</named-content>
</kwd>
<kwd>
<named-content content-type="code">4.6 Natural Gas</named-content>
</kwd>
<kwd>
<named-content content-type="code">5.1.5 Geologic Modeling</named-content>
</kwd>
<kwd>
<named-content content-type="code">1.6.9 Coring, Fishing</named-content>
</kwd>
<kwd>
<named-content content-type="code">5.6.9 Production Forecasting</named-content>
</kwd>
<kwd>
<named-content content-type="code">5.8.3 Coal Seam Gas</named-content>
</kwd>
<kwd>
<named-content content-type="code">5.2 Reservoir Fluid Dynamics</named-content>
</kwd>
<kwd>
<named-content content-type="code">5.4.2 Gas Injection Methods</named-content>
</kwd>
<kwd>
<named-content content-type="code">5.5 Reservoir Simulation</named-content>
</kwd>
<kwd>
<named-content content-type="code">4.1.2 Separation and Treating</named-content>
</kwd>
<kwd>
<named-content content-type="code">1.2.3 Rock properties</named-content>
</kwd>
<kwd>
<named-content content-type="code">4.1.5 Processing Equipment</named-content>
</kwd>
<kwd>
<named-content content-type="code">5.5.2 Core Analysis</named-content>
</kwd>
<kwd>
<named-content content-type="code">5.7 Reserves Evaluation</named-content>
</kwd>
<kwd>
<named-content content-type="code">5.1.2 Faults and Fracture Characterisation</named-content>
</kwd>
<kwd>
<named-content content-type="code">5.1.1 Exploration, Development, Structural Geology</named-content>
</kwd>
<kwd>
<named-content content-type="code">5.6.4 Drillstem/Well Testing</named-content>
</kwd>
<kwd>
<named-content content-type="code">5.5.8 History Matching</named-content>
</kwd>
</kwd-group>
<conference>
<conf-date iso-8601-date="1999-10-21">21-22 October</conf-date>
<conf-name>SPE Eastern Regional Meeting</conf-name>
<conf-acronym>99ERM</conf-acronym>
<conf-loc>Charleston, West Virginia</conf-loc>
</conference>
<counts>
<page-count count="10"/>
</counts>
<custom-meta-group>
<custom-meta>
<meta-name>Peer Reviewed</meta-name>
<meta-value>false</meta-value>
</custom-meta>
</custom-meta-group>
</article-meta>
</front>
<body>
<sec sec-type="intro">
<title>Introduction</title>
<p>Coalbed reservoirs in the United States contain an estimated 703 trillion cubic feet (Tcf) of natural gas resources, hold 11.7&#x0025; (141.4 Tcf) of the total recoverable U.S. natural gas resources, and in 1997 accounted for 5.9&#x0025; (1.13 Tcf) of total annual U.S. natural gas production.<sup><xref ref-type="bibr" rid="R1">1</xref>-<xref ref-type="bibr" rid="R5">5</xref></sup> These recoverable coalbed gas resources have an economic value of &#x0024;315 billion based upon the average 1997 wellhead gas price of &#x0024;2.23 per thousand standard cubic feet (Mscf).<sup><xref ref-type="bibr" rid="R4">4</xref></sup></p>
<p>Performing a gas-in-place analysis is one of the first crucial steps in coalbed gas resource and reservoir evaluation.<sup><xref ref-type="bibr" rid="R6">6</xref>,<xref ref-type="bibr" rid="R7">7</xref></sup> This key parameter influences the gas production rate and producible reserve potential of coalbed gas reservoirs. In some established coalbed gas fields the long-term cumulative gas production has greatly exceeded the initial gas-in-place estimates. For example, the 10-year cumulative gas production of 23 coalbed gas wells at the Oak Grove Field in the Black Warrior Basin, Alabama totaled 3.2 billion cubic feet (Bcf), more than double the initial gas-in-place estimate of 1.55 Bcf.<sup><xref ref-type="bibr" rid="R8">8</xref></sup> This large variance indicates that the reservoir property values used to calculate the initial gas-in-place volume were inaccurate.</p>
<p>The reservoir property values needed to calculate gas-in-place volume are obtained using a variety of analysis methods, which commonly yield very different results.<sup><xref ref-type="bibr" rid="R1">1</xref>,<xref ref-type="bibr" rid="R9">9</xref>,<xref ref-type="bibr" rid="R10">10</xref></sup> This paper presents results from case study evaluations of the accuracy of commonly used coalbed reservoir property analysis methods.<sup><xref ref-type="bibr" rid="R11">11</xref>-<xref ref-type="bibr" rid="R21">21</xref></sup></p>
</sec>
<sec>
<title>Gas-In-Place Analysis</title>
<p>Gas-in-place volume is the total amount of gas stored within a specific, bulk reservoir rock volume. Four physical reservoir properties are needed to calculate the gas-in-place volume. These four properties are: (1) reservoir or well drainage area, (2) gross reservoir rock thickness, (3) average reservoir rock density, and (4) average in-situ gas content. Equation 1 is the mathematical relationship linking these four reservoir properties with the total volume of gas stored within a specific, bulk reservoir rock volume.</p>
<disp-formula id="eq1">
<label>(1)</label>
<mml:math display='block'>
<mml:mi>G</mml:mi><mml:mo>=</mml:mo><mml:mn>1</mml:mn><mml:mn>3</mml:mn><mml:mn>5</mml:mn><mml:mn>9</mml:mn><mml:mo>.</mml:mo><mml:mn>7</mml:mn><mml:mi>A</mml:mi><mml:mi>h</mml:mi><mml:msub>
<mml:mover accent='true'>
<mml:mi>&#x03C1;</mml:mi>
<mml:mo stretchy='true'>&#x00AF;</mml:mo>
</mml:mover>
<mml:mi>c</mml:mi>
</mml:msub>
<mml:msub>
<mml:mover accent='true'>
<mml:mi>G</mml:mi>
<mml:mo stretchy='true'>&#x00AF;</mml:mo>
</mml:mover>
<mml:mi>c</mml:mi>
</mml:msub>
</mml:math>
</disp-formula>
<p>Where:</p>	
<p>G	gas-in-place, standard cubic feet (scf)</p>
<p>A	drainage area, acres</p>
<p>h	thickness, feet</p>
<p><inline-formula id="ineq1">
<mml:math display='inline'>
<mml:msub>
<mml:mover accent='true'>
<mml:mi>&#x03C1;</mml:mi>
<mml:mo stretchy='true'>&#x00AF;</mml:mo>
</mml:mover>
<mml:mi>c</mml:mi>
</mml:msub>
</mml:math>
</inline-formula>	average in-situ density, g/cm<sup>3</sup></p>
<p><inline-formula id="ineq2">
<mml:math display='inline'>
<mml:msub>
<mml:mover accent='true'>
<mml:mi>G</mml:mi>
<mml:mo stretchy='true'>&#x00AF;</mml:mo>
</mml:mover>
<mml:mi>c</mml:mi>
</mml:msub>
</mml:math>
</inline-formula>	average in-situ gas content, scf/ton</p>
<p>Accurately determining these four reservoir properties presents numerous data acquisition and interpretation challenges.<sup><xref ref-type="bibr" rid="R20">20</xref></sup> This analysis complexity is due, in part, to the fact that these reservoir properties cannot be measured directly but must instead be indirectly estimated using data obtained by analysis of other rock properties. The other major cause of analysis complexity is geologic heterogeneity that can alter the thickness, lateral continuity, and compositional properties of the bulk reservoir rock.</p>
</sec>
<sec>
<title>Major Sources of Gas-In-Place Errors</title>
<p>Errors in the reservoir property values used in Equation 1 limit the accuracy of gas-in-place analysis results. A multi-step analysis process was used to identify the sources and quantify the magnitudes of the errors involved in determining these reservoir properties. The first step involved establishing benchmark values for the average reservoir rock density and average in-situ gas content.<sup><xref ref-type="bibr" rid="R11">11</xref></sup> The benchmark, reservoir rock density values were obtained using a combination of density log, proximate analysis, and helium pycnometry density data. The benchmark in-situ gas content values were obtained from pressure core samples and sorption isotherm data measured at in-situ reservoir conditions.<sup><xref ref-type="bibr" rid="R11">11</xref></sup></p>
<p>Next, density log, coal property (e.g., proximate analysis, sorption isotherm, and maceral composition), and canister gas desorption data sets for conventional cores and drill cuttings were assembled for seven San Juan Basin and two Piceance Basin coalbed reservoirs.<sup><xref ref-type="bibr" rid="R11">11</xref>,<xref ref-type="bibr" rid="R22">22</xref></sup>	Finally, quantitative, comparisons were made between the reservoir property values obtained by commonly used analysis procedures and the benchmark reservoir property values.<sup><xref ref-type="bibr" rid="R11">11</xref>-<xref ref-type="bibr" rid="R14">14</xref>, <xref ref-type="bibr" rid="R16">16</xref>-<xref ref-type="bibr" rid="R21">21</xref></sup> These analyses identified six major sources of errors in coalbed reservoir property and gas-in-place values.</p>
<list list-type="order">
<list-item><p>Basing coalbed reservoir volume on the assumption that reservoir thickness and lateral continuity are invariant.</p></list-item>
<list-item><p>Using a too low, maximum log density value for determining the gross reservoir thickness.</p></list-item>
<list-item><p>Basing the in-situ reservoir rock density upon rule-of- thumb coal density values.</p></list-item>
<list-item><p>Basing the in-situ gas content on gas desorption data obtained at ambient temperature conditions.</p></list-item>
<list-item><p>Basing the in-situ gas content on gas desorption data obtained from drill cuttings.</p></list-item>
<list-item><p>Basing the in-situ gas content on the assumption that the residual gas volume is negligible.</p></list-item>
</list>
</sec>
<sec>
<title>Reservoir Volume</title>
<p>Reservoir volume is calculated using two physical parameters: drainage area and gross reservoir rock thickness. It is commonly assumed when calculating reservoir volume that the reservoir thickness and lateral continuity are invariant. As discussed separately below, this assumption is often invalid.</p>
<sec>
<title>Reservoir Area.</title> 
<p>A commonly used rule-of-thumb reservoir area analysis practice is to assume that this area can be defined using simple physical surface parameters such as section boundaries, property limits or well spacing intervals. <xref ref-type="fig" rid="F1">Figure 1</xref> is a schematic cross section of a coalbed gas reservoir illustrating several common types of geologic heterogeneities such as permeability facies changes, coal seam pinch outs, channel sandstone deposits, and fault offsets.<sup><xref ref-type="bibr" rid="R17">17</xref>,<xref ref-type="bibr" rid="R20">20</xref></sup> These geologic structural and stratigraphic heterogeneities disrupt the lateral coalbed continuity. The magnitude of reservoir area error due to these types of geologic heterogeneities will be highly site dependent. An accurate reservoir area analysis requires constructing detailed structural and stratigraphic maps as well as analysis of the fluid production characteristics of the reservoir. A geologic evaluation often will not detect lateral coalbed discontinuities but their presence will be indicated by unexpected patterns in gas or water production behavior.<sup><xref ref-type="bibr" rid="R17">17</xref>,<xref ref-type="bibr" rid="R20">20</xref></sup></p>
<fig id="F1" position="float">
<label>Figure 1</label>
<caption><p>Coalbed Reservoir Geometry</p></caption>
<graphic xmlns:xlink="http://www.w3.org/1999/xlink" xlink:href="SPE-57443-MS_fig_01.tif"/> 
</fig>
<p>Another source of reservoir area error is permeability anisotropy that can affect the shape and effective drainage area around the wellbores within a reservoir. Natural fractures, called cleats, are the primary conduits for bulk fluid flow in coalbed reservoirs.<sup><xref ref-type="bibr" rid="R23">23</xref>-<xref ref-type="bibr" rid="R25">25</xref></sup> Typically, the cleat system of coal comprises two orthogonal sets of subparallel fractures, called face and butt cleats, oriented essentially perpendicular to the bedding plane. The spacing, aperture, and effective porosity (i.e., total interconnected void volume) of these cleats strongly affect the reservoir permeability. These cleat properties are not uniform throughout the coal in a given reservoir but vary both vertically and laterally as a function of such geologic variables as coal rank, effective stress, and secondary mineralization.</p>
<p>As a result of spatial cleat property variability there is commonly a significant horizontal permeability anisotropy in coalbed reservoirs.<sup><xref ref-type="bibr" rid="R24">24</xref>-<xref ref-type="bibr" rid="R28">28</xref></sup> This permeability anisotropy can cause the effective drainage area around a wellbore to have a pronounced elliptical shape, and, as a result, the effective drainage area may be substantially different than rule-of-thumb well spacing-based estimates of reservoir area. Well testing or laboratory core analysis is required to evaluate the magnitude of permeability anisotropy.<sup><xref ref-type="bibr" rid="R24">24</xref>-<xref ref-type="bibr" rid="R28">28</xref></sup> The magnitude of reservoir area error due to permeability anisotropy is highly site dependent.</p>
</sec>
<sec>
<title>Reservoir Thickness.</title> 
<p>Coal is an organic matter rich, sedimentary rock whose physical properties are, in general, quite different than those of the other rock types commonly encountered in coal-bearing sedimentary sequences. Due to its organic richness, coal has a much lower bulk density than, for example, shale or sandstone, and as a result, the gross thickness of coal-bearing intervals can be readily quantified using geophysical log data.</p>
<p>Coal density varies as a function of its bulk composition. <sup><xref ref-type="bibr" rid="R20">20</xref>,<xref ref-type="bibr" rid="R29">29</xref>,<xref ref-type="bibr" rid="R30">30</xref></sup> Gross coalbed thickness is commonly computed using high-resolution open-hole density log data by summing the thicknesses of the intervals having densities less than 1.75 g/cm<sup>3</sup>.<sup><xref ref-type="bibr" rid="R17">17</xref>-<xref ref-type="bibr" rid="R21">21</xref></sup> This upper density limit value corresponds to the maximum, mineral matter content limit in the geologic definition of coal. According to this geologic definition, to be classified as coals, sedimentary rocks must contain less than 50&#x0025; mineral matter by weight and more than 70&#x0025; carbonaceous matter by volume.<sup><xref ref-type="bibr" rid="R31">31</xref></sup></p>
<p>The commonly used coalbed reservoir thickness analysis practice is to use 1.75 g/cm<sup>3</sup> as the maximum log density value for the gas-bearing organic matter rich rocks comprising coalbed reservoirs.<sup><xref ref-type="bibr" rid="R17">17</xref>-<xref ref-type="bibr" rid="R21">21</xref></sup> It is commonly assumed that interbedded rocks having densities greater than 1.75 g/cm<sup>3</sup> have negligible gas storage capacity. The density of ash in San Juan Basin Fruitland Formation coal is typically 2.4 to 2.5 g/cm<sup>3</sup>.<sup><xref ref-type="bibr" rid="R19">19</xref>-<xref ref-type="bibr" rid="R21">21</xref></sup> The amount of gas stored in coalbed reservoir rocks between density values of 1.75 and 2.5 g/cm<sup>3</sup> can be significant. <xref ref-type="fig" rid="F2">Figure 2</xref> shows a histogram of the gas-in-place distribution for a San Juan Basin Fruitland Formation coalbed reservoir as a function of the bulk reservoir rock density.<sup><xref ref-type="bibr" rid="R19">19</xref>-<xref ref-type="bibr" rid="R21">21</xref></sup> Most of the gas-in-place volume (78&#x0025;) is contained within rocks having density values below 1.76 g/cm<sup>3</sup>. However, if the reservoir thickness analysis were based upon a maximum log density value of 1.76 g/cm<sup>3</sup> the calculated reservoir gas-inplace volume (see Equation 1) would be 22&#x0025; low.<sup><xref ref-type="bibr" rid="R19">19</xref>-<xref ref-type="bibr" rid="R21">21</xref></sup> In general, using the rule-of-thumb value of 1.75 g/cm<sup>3</sup> results in a calculated gross coalbed reservoir thickness value that is 15 to 50&#x0025; low.<sup><xref ref-type="bibr" rid="R19">19</xref>-<xref ref-type="bibr" rid="R21">21</xref></sup></p>
<fig id="F2" position="float">
<label>Figure 2</label>
<caption><p>Reservoir Gas-In-Place Distribution</p></caption>
<graphic xmlns:xlink="http://www.w3.org/1999/xlink" xlink:href="SPE-57443-MS_fig_02.tif"/> 
</fig>
<p>Because the rule-of-thumb density log analysis practice can greatly underestimate the gross coalbed reservoir thickness and hence the gas-in-place volume there is significant potential for reserve estimate growth in many existing coalbed gas fields. As an example, Burlington Resources Oil &#x0026; Gas Company recently reported<sup><xref ref-type="bibr" rid="R32">32</xref></sup> that reservoir simulation history matches of gas production data from its San Juan Basin Fruitland Formation coalbed gas wells could not be achieved if the analysis excluded the gas present in interbedded carbonaceous shales having densities greater than 1.75 g/cm<sup>3</sup>.</p>
</sec>
</sec>
<sec>
<title>In-Situ Density</title>
<p>The density of coal is a function of its composition.<sup><xref ref-type="bibr" rid="R20">20</xref>,<xref ref-type="bibr" rid="R29">29</xref>,<xref ref-type="bibr" rid="R30">30</xref></sup> Since the mineral matter component of coal has a significantly higher density than the bulk organic matter, in general, all other compositional factors being equal, coal density will be directly correlated with the mineral matter content. A major source of in-situ density analysis error is the assumption that the compositional properties of coalbed reservoirs are homogeneous. Coal compositional and density properties are not uniform throughout the bulk rock comprising a coalbed reservoir but vary both vertically and laterally as a function of such geologic variables as depositional environment, overlying and underlying rock lithologies, coal rank, equilibrium moisture content, mineral matter content, and maceral composition.<sup><xref ref-type="bibr" rid="R20">20</xref>,<xref ref-type="bibr" rid="R29">29</xref>,<xref ref-type="bibr" rid="R30">30</xref></sup></p>
<p><xref ref-type="table" rid="T1">Table 1</xref> gives examples of the average vertical and lateral variations in ash content and in-situ density that occur in the intermediate and basal Fruitland Formation coalbed reservoirs at three well locations in the San Juan Basin.<sup><xref ref-type="bibr" rid="R20">20</xref></sup> These data illustrate the significant vertical and lateral compositional and in-situ density heterogeneity that can occur in coalbed reservoirs. The greater the heterogeneity, the greater the number of samples and sampling sites needed for accurate characterization of average in-situ reservoir properties. In general, compositional analysis data from reservoir samples having a broad range of mineral matter content are needed to accurately determine the average in-situ properties.<sup><xref ref-type="bibr" rid="R12">12</xref>,<xref ref-type="bibr" rid="R16">16</xref>,<xref ref-type="bibr" rid="R19">19</xref>,<xref ref-type="bibr" rid="R20">20</xref></sup></p>
<p>A common practice in coalbed reservoir gas-in-place analysis is to use a rule-of-thumb value of 1.32 to 1.36 g/cm<sup>3</sup> for the in-situ reservoir rock density.<sup><xref ref-type="bibr" rid="R1">1</xref>,<xref ref-type="bibr" rid="R6">6</xref>,<xref ref-type="bibr" rid="R7">7</xref></sup> For vitrinite-rich bituminous rank coal, the organic matter density is about 1.295 g/cm<sup>3</sup> and the mineral matter density is about 2.497 g/cm<sup>3</sup>.<sup><xref ref-type="bibr" rid="R20">20</xref></sup> The rule-of-thumb density value range of 1.32 to 1.36 g/cm<sup>3</sup> would only be appropriate for use with bituminous rank coal having an in-situ moisture content of about 1.5&#x0025; and a mineral matter content range of about 5 to 10&#x0025;.<sup><xref ref-type="bibr" rid="R20">20</xref></sup> The average mineral matter content of bituminous rank coalbed reservoirs in the San Juan, Uinta and Black Warrior Basins rarely corresponds to this narrow range of values. <sup><xref ref-type="bibr" rid="R6">6</xref>,<xref ref-type="bibr" rid="R8">8</xref>,<xref ref-type="bibr" rid="R9">9</xref>,<xref ref-type="bibr" rid="R20">20</xref>,<xref ref-type="bibr" rid="R33">33</xref></sup> Commonly, this rule-of- thumb density value range is significantly lower than the lowest in-situ density values recorded by high-resolution density logs for bituminous rank coalbed reservoirs or calculated using coal compositional data. <sup><xref ref-type="bibr" rid="R7">7</xref>,<xref ref-type="bibr" rid="R11">11</xref>,<xref ref-type="bibr" rid="R20">20</xref>,<xref ref-type="bibr" rid="R29">29</xref>,<xref ref-type="bibr" rid="R33">33</xref></sup> As shown in <xref ref-type="table" rid="T1">Table 1</xref>, the average in-situ density values for San Juan Basin Fruitland Formation coalbed reservoirs range from 1.44 to 1.83 g/cm<sup>3</sup>.<sup><xref ref-type="bibr" rid="R19">19</xref>-<xref ref-type="bibr" rid="R21">21</xref></sup> Using these higher in-situ density values increases the gas-in-place value by 10 to 36&#x0025;.<sup><xref ref-type="bibr" rid="R19">19</xref>-<xref ref-type="bibr" rid="R21">21</xref></sup></p>
<table-wrap id="T1" position="float">
<label>TABLE 1</label>
<caption><p>SAN JUAN BASIN FRUITLAND FORMATION COALBED RESERVOIR PROPERTIES</p></caption>
<table frame="box" rules="all">
<thead>
<tr>
<th align="center" valign="top">Well Name (Location)</th>	
<th align="center" valign="top">Interval</th>	
<th align="center" valign="top">Avg. Ash Content (&#x0025;)</th>	
<th align="center" valign="top">Avg. In-Situ Density (g/cm<sup>3</sup>)</th>	
<th align="center" valign="top">Avg. In-Situ Gas Content (scf/ton)</th>
</tr>
</thead>
<tbody>
<tr>
<td align="center" valign="top" rowspan="2">Southern Ute 5-7 (Section 7 T32N R11W)</td>	
<td align="center" valign="top">Intermediate</td>	
<td align="center" valign="top">27.2</td>	
<td align="center" valign="top">1.49</td>	
<td align="center" valign="top">370</td>
</tr>
<tr>
<td align="center" valign="top">Basal</td>	
<td align="center" valign="top">20.4</td>	
<td align="center" valign="top">1.44</td>	
<td align="center" valign="top">402</td>
</tr>
<tr>
<td align="center" valign="top" rowspan="2">Valencia Canyon 32-1 (Section 32 T33N R11W)</td>	
<td align="center" valign="top">Intermediate</td>	
<td align="center" valign="top">36.4</td>	
<td align="center" valign="top">1.56</td>	
<td align="center" valign="top">425</td>
</tr>
<tr>
<td align="center" valign="top">Basal</td>	
<td align="center" valign="top">31.7</td>	
<td align="center" valign="top">1.52</td>	
<td align="center" valign="top">460</td>
</tr>
<tr>
<td align="center" valign="top" rowspan="2">GRI # 2 (COAL Site) (Section 17 T32N R10W)</td>	
<td align="center" valign="top">Intermediate</td>	
<td align="center" valign="top">61.3</td>	
<td align="center" valign="top">1.83</td>	
<td align="center" valign="top">343</td>
</tr>
<tr>	
<td align="center" valign="top">Basal</td>	
<td align="center" valign="top">43.3</td>	
<td align="center" valign="top">1.63</td>	
<td align="center" valign="top">512</td>
</tr>
</tbody>
</table>
</table-wrap>
<p>The density log response of coal is a function of its in-situ bulk properties which, in turn, are a function of the coal rank and the mineral matter, moisture, hydrocarbon gas, and carbonaceous matter composition and content of the coal. In general, the presence of adsorbed hydrocarbon gas has little effect on the density of coal. For example, an in-situ adsorbed methane content of 400 scf/ton increases the density of bulk coal organic matter by only 0.010 g/cm<sup>3</sup> or 0.8&#x0025;.<sup><xref ref-type="bibr" rid="R12">12</xref>,<xref ref-type="bibr" rid="R20">20</xref></sup></p>
<p>Moisture content affects the coal density. The moisture content varies inversely as a function of coal rank.<sup><xref ref-type="bibr" rid="R29">29</xref>,<xref ref-type="bibr" rid="R30">30</xref>,<xref ref-type="bibr" rid="R34">34</xref></sup> Bituminous coals have low in-situ moisture contents (&#x003C; 10&#x0025;) whereas subbituminous coals have very high in-situ moisture contents (&#x003E;25&#x0025;).<sup><xref ref-type="bibr" rid="R29">29</xref>,<xref ref-type="bibr" rid="R30">30</xref>,<xref ref-type="bibr" rid="R34">34</xref>,<xref ref-type="bibr" rid="R36">36</xref></sup> Powder River Basin subbituminous coalbed reservoirs are prolific sources of natural gas.<sup><xref ref-type="bibr" rid="R2">2</xref>-<xref ref-type="bibr" rid="R4">4</xref>,<xref ref-type="bibr" rid="R35">35</xref>,<xref ref-type="bibr" rid="R36">36</xref></sup> At a 5&#x0025; ash content, Powder River Basin subbituminous coal has a dry-basis density of about 1.40 g/cm<sup>3</sup> but at an in-situ moisture content of 27&#x0025; and an ash content of 5&#x0025; the density is only about 1.33 g/cm<sup>3</sup>.<sup><xref ref-type="bibr" rid="R20">20</xref>,<xref ref-type="bibr" rid="R29">29</xref>,<xref ref-type="bibr" rid="R36">36</xref></sup> This density value difference indicates how crucial an accurate moisture content value is for reliable gas-in-place analysis of coalbed reservoirs.<sup><xref ref-type="bibr" rid="R20">20</xref></sup></p>
<p>Compositional changes during storage or testing are additional sources of errors in coal property analysis results. Coal is a chemically unstable material, and coal samples must be carefully handled to avoid exposure to air during collection at the well site, transport, storage, and testing in order to preserve the original in-situ compositional properties.<sup><xref ref-type="bibr" rid="R16">16</xref>,<xref ref-type="bibr" rid="R20">20</xref>,<xref ref-type="bibr" rid="R34">34</xref></sup> Air exposure results in a progressive alteration of coal&#x2019;s organic and mineral matter components due to a degradation phenomenon known as weathering.<sup><xref ref-type="bibr" rid="R34">34</xref></sup> A commonly used coal analysis procedure is the high-temperature, destructive ASTM proximate analysis, which yields a weight fraction value for an ash component of coal. The mass and composition of this ash component are not identical to those of the original mineral matter in the coal since ash is an artifact generated by the proximate analysis procedure, which alters some mineral components.<sup><xref ref-type="bibr" rid="R37">37</xref></sup> For example, carbon dioxide is lost from carbonates during proximate analysis. The common practices of drying coal in air and determining ash content rather than true mineral matter content can result in significant errors in coal property analysis results.<sup><xref ref-type="bibr" rid="R16">16</xref>,<xref ref-type="bibr" rid="R20">20</xref>,<xref ref-type="bibr" rid="R34">34</xref></sup></p>
</sec>
<sec>
<title>In-Situ Gas Content</title>
<p>In coalbed reservoirs the natural gas is predominantly (~95&#x0025;) stored as a molecularly adsorbed phase within micropores.<sup><xref ref-type="bibr" rid="R1">1</xref>,<xref ref-type="bibr" rid="R20">20</xref></sup> The in-situ adsorbed phase gas content of coalbed reservoirs can only be accurately determined by measuring the volume of gas that desorbs from freshly cut reservoir coal samples. The inaccurate determination of this reservoir property is commonly the single largest source of gas-in-place analysis error.<sup><xref ref-type="bibr" rid="R11">11</xref>-<xref ref-type="bibr" rid="R14">14</xref>,<xref ref-type="bibr" rid="R16">16</xref>-<xref ref-type="bibr" rid="R21">21</xref></sup> The two methods commonly used to determine the total in-situ gas content are pressure coring and the direct method.<sup><xref ref-type="bibr" rid="R15">15</xref>,<xref ref-type="bibr" rid="R20">20</xref></sup> Both methods have some inherent shortcomings.</p>
<sec>
<title>Pressure Coring Gas Content Determination.</title> 
<p>The pressure coring method involves trapping a cored rock sample downhole within a sealed barrel thereby preventing any loss of gas by desorption during retrieval of the core to the surface.<sup><xref ref-type="bibr" rid="R15">15</xref>,<xref ref-type="bibr" rid="R20">20</xref></sup> The total in-situ gas content can be directly determined by measuring the total volume of gas that desorbs from the core. The primary advantage of pressure coring is that it is the only method capable of directly measuring the total in- situ gas content of a cored rock sample. However, this method requires specialized equipment that is difficult to successfully operate on a routine basis in the field. Pressure coring is also about five times as expensive as conventional coring, and its use has generally been restricted to research studies.<sup><xref ref-type="bibr" rid="R19">19</xref>-<xref ref-type="bibr" rid="R21">21</xref></sup></p>
</sec>
<sec>
<title>Direct Method Gas Content Determination.</title> 
<p>The direct method analysis procedure was originally developed by the coal mining industry to evaluate the severity of natural gas emissions during underground coal mining operations.<sup><xref ref-type="bibr" rid="R38">38</xref>-<xref ref-type="bibr" rid="R41">41</xref></sup> This analysis procedure involves sealing freshly cut core or drill cuttings coal samples in airtight desorption canisters and then measuring the volume of gas that desorbs from the sample as a function of time at ambient temperature and pressure conditions.<sup><xref ref-type="bibr" rid="R15">15</xref></sup> A disadvantage of this analysis procedure is that the measured desorbed gas volume is not equal to the total in- situ gas content since a large amount of gas is commonly lost by desorption during sample recovery and some gas may not desorb from the coal during the time interval of the desorption measurements. The lost gas volume is estimated by numerical analysis of the measured gas desorption rate data.<sup><xref ref-type="bibr" rid="R15">15</xref></sup></p>
<p>The rate of gas desorption from many coals is so slow that impracticably long time intervals would be required for complete gas desorption to occur. This slowly desorbing, residual gas volume can be quantified by measuring the volume of gas released by crushing and heating the coal sample at the conclusion of the desorption measurements.<sup><xref ref-type="bibr" rid="R15">15</xref></sup></p>
<p>The total in-situ gas volume of the coal is equal to the sum of the estimated lost gas volume, the measured desorbed gas volume, and the measured residual gas volume. The accuracy of the desorbed gas volume data is affected by temperature and atmospheric pressure variations during the desorption measurements.<sup><xref ref-type="bibr" rid="R11">11</xref>,<xref ref-type="bibr" rid="R15">15</xref>,<xref ref-type="bibr" rid="R16">16</xref>,<xref ref-type="bibr" rid="R20">20</xref></sup> The chief limitation of this direct method analysis procedure is that it yields widely different in- situ gas content values depending upon the coal sample type, gas desorption testing conditions, and lost gas estimation method.<sup><xref ref-type="bibr" rid="R9">9</xref>-<xref ref-type="bibr" rid="R21">21</xref></sup></p>
</sec>
<sec>
<title>Effect of Residual Gas Content.</title> 
<p>One source of error in coalbed reservoir gas content analysis is the failure to quantify and account for any residual gas volume that may remain in the coal sample at the end of the canister gas desorption measurements. This gas content analysis practice is due, at least in part, to an assumption that this residual gas volume is negligible or that it does not make a significant contribution to the total producible gas reserve.<sup><xref ref-type="bibr" rid="R9">9</xref>,<xref ref-type="bibr" rid="R42">42</xref></sup> However, this residual gas volume can be a significant fraction (e.g., 5 to &#x003E;50&#x0025;) of the total in-situ adsorbed gas content of coalbed reservoirs.<sup><xref ref-type="bibr" rid="R1">1</xref>,<xref ref-type="bibr" rid="R11">11</xref>,<xref ref-type="bibr" rid="R16">16</xref>,<xref ref-type="bibr" rid="R33">33</xref>,<xref ref-type="bibr" rid="R42">42</xref>-<xref ref-type="bibr" rid="R46">46</xref></sup> The magnitude of this error will be sample specific since the residual gas volume is dependent on the test conditions (e.g., coal sample temperature and total desorption time) during the gas desorption measurements.<sup><xref ref-type="bibr" rid="R16">16</xref>,<xref ref-type="bibr" rid="R46">46</xref></sup></p>
<p>This gas content analysis practice can resulted in significant underestimation error in coalbed gas resource and reservoir gas-in-place evaluations. For example, gas content data used for a Black Warrior Basin coalbed gas resource assessment and the gas-in-place analysis of the coalbed reservoirs at the Oak Grove Field in this basin do not include the residual gas volume.<sup><xref ref-type="bibr" rid="R6">6</xref>,<xref ref-type="bibr" rid="R8">8</xref>,<xref ref-type="bibr" rid="R47">47</xref></sup> The residual gas volume in Black Warrior Basin coals is typically 5 to 8&#x0025; but can be as high as 45&#x0025; of the total in-situ gas volume.<sup><xref ref-type="bibr" rid="R43">43</xref>,<xref ref-type="bibr" rid="R44">44</xref></sup> The underestimation errors for the gas resource and reservoir gas-in-place are proportional to the magnitude of the in-situ gas content underestimation error.</p>
</sec>
<sec>
<title>Effect of Sample Type.</title> 
<p>A major source of error in coalbed reservoir gas content analysis is the use of gas desorption data collected from drill cuttings as the basis for the in-situ gas content value. <xref ref-type="fig" rid="F3">Figure 3</xref> shows a comparison of the gas content values for a San Juan Basin Fruitland Formation coalbed reservoir obtained by analysis of gas desorption data from three different types of coal samples.<sup><xref ref-type="bibr" rid="R11">11</xref>,<xref ref-type="bibr" rid="R20">20</xref>,<xref ref-type="bibr" rid="R21">21</xref></sup> The gas content value obtained from the conventional core is similar to the benchmark gas content value obtained from the pressure core but these values are 34 and 42&#x0025; greater than the gas content value obtained from the drill cuttings. Gas content errors of this magnitude cause very large errors in the gas production rates and cumulative recovery estimated using reservoir simulation techniques.<sup><xref ref-type="bibr" rid="R13">13</xref>,<xref ref-type="bibr" rid="R19">19</xref>-<xref ref-type="bibr" rid="R21">21</xref>,<xref ref-type="bibr" rid="R48">48</xref></sup> <xref ref-type="fig" rid="F4">Figure 4</xref> illustrates the effect of a 30&#x0025; underestimation error for the in-situ gas content on the cumulative gas production predicted using reservoir simulation techniques for a high productivity San Juan Basin coalbed reservoir.<sup><xref ref-type="bibr" rid="R13">13</xref>,<xref ref-type="bibr" rid="R19">19</xref>-<xref ref-type="bibr" rid="R21">21</xref></sup> This error results in a 63&#x0025; underestimation of the long-term cumulative gas production and a comparable reduction in the economic value of the gas reserves.</p>
<fig id="F3" position="float">
<label>Figure 3</label>
<caption><p>Comparison of Gas Content Values Obtained Using Different Analysis Methods</p></caption>
<graphic xmlns:xlink="http://www.w3.org/1999/xlink" xlink:href="SPE-57443-MS_fig_03.tif"/> 
</fig>
<fig id="F4" position="float">
<label>Figure 4</label>
<caption><p>Comparison of Gas Production Behavior for Saturated and Undersaturated Reservoirs</p></caption>
<graphic xmlns:xlink="http://www.w3.org/1999/xlink" xlink:href="SPE-57443-MS_fig_04.tif"/> 
</fig>
<p><xref ref-type="fig" rid="F3">Figure 3</xref> demonstrates that, in general, gas desorption data obtained from drill cuttings cannot be used to accurately quantify the total in-situ gas content of coalbed reservoirs.<sup><xref ref-type="bibr" rid="R12">12</xref>,<xref ref-type="bibr" rid="R13">13</xref></sup> This finding is comparable to results recently reported by others.<sup><xref ref-type="bibr" rid="R36">36</xref>,<xref ref-type="bibr" rid="R46">46</xref></sup> This gas content analysis practice can result in significant underestimation error in coalbed gas resource and reservoir gas-in-place evaluations.<sup><xref ref-type="bibr" rid="R20">20</xref></sup> <xref ref-type="table" rid="T2">Table 2</xref> compares published gas-in-place resource values for the San Juan Basin Fruitland Formation coal.<sup><xref ref-type="bibr" rid="R49">49</xref>,<xref ref-type="bibr" rid="R50">50</xref></sup> The coal in-place resource values differ by only 10&#x0025; whereas the gas-in-place values differ by 61&#x0025;. The lower gas-in-place resource value (31 Tcf) is primarily based on gas content data obtained from drill cuttings while the higher gas-in-place resource value (50 Tcf) is solely based on gas content data obtained from conventional core samples.<sup><xref ref-type="bibr" rid="R49">49</xref>,<xref ref-type="bibr" rid="R50">50</xref></sup></p>
<table-wrap id="T2" position="float">
<label>TABLE 2</label>
<caption><p>SAN JUAN BASIN FRUITLAND FORMATION COAL GAS-IN-PLACE RESOURCES</p></caption>
<table frame="box" rules="all">
<thead>
<tr>
<th align="center" valign="top">Coal Resource (Billion Short Tons)</th>	
<th align="center" valign="top">Gas Content Analysis Method</th>	
<th align="center" valign="top">Gas Content Range (scf/Ton)</th>	
<th align="center" valign="top">Gas-In-Place (Tcf)</th>	
<th align="center" valign="top">Ref.</th>
</tr>
</thead>
<tbody>
<tr>
<td align="center" valign="top">200</td>	
<td align="center" valign="top">Drill Cuttings</td>	
<td align="center" valign="top">50 - 200</td>	
<td align="center" valign="top">31</td>	
<td align="center" valign="top">46</td>
</tr>
<tr>
<td align="center" valign="top">220</td>	
<td align="center" valign="top">Conventional Core</td>	
<td align="center" valign="top">50 - 500</td>	
<td align="center" valign="top">50</td>	
<td align="center" valign="top">47</td>
</tr>
</tbody>
</table>
</table-wrap>
</sec>
<sec>
<title>Effect of Lost Gas Analysis Method.</title> 
<p>The technical literature describes three different procedures for estimating the lost gas volume. These procedures are commonly known as the Bureau of Mines<sup><xref ref-type="bibr" rid="R38">38</xref>-<xref ref-type="bibr" rid="R41">41</xref></sup>, Smith &#x0026; Williams<sup><xref ref-type="bibr" rid="R51">51</xref>-<xref ref-type="bibr" rid="R53">53</xref></sup>, and Amoco<sup><xref ref-type="bibr" rid="R54">54</xref></sup> methods. These three analysis methods commonly yield widely different lost gas volume and total gas content values.<sup><xref ref-type="bibr" rid="R9">9</xref>-<xref ref-type="bibr" rid="R14">14</xref>,<xref ref-type="bibr" rid="R16">16</xref>-<xref ref-type="bibr" rid="R21">21</xref></sup> <xref ref-type="fig" rid="F5">Figure 5</xref> shows that the highest lost gas volume estimate accuracy (closest agreement with the benchmark gas content values) was always obtained when the gas desorption data were analyzed using the Bureau of Mines method.<sup><xref ref-type="bibr" rid="R11">11</xref>-<xref ref-type="bibr" rid="R14">14</xref>,<xref ref-type="bibr" rid="R16">16</xref>-<xref ref-type="bibr" rid="R21">21</xref></sup></p>
<fig id="F5" position="float">
<label>Figure 5</label>
<caption><p>Comparison of Conventional Core Gas Content Estimates with Benchmark Values</p></caption>
<graphic xmlns:xlink="http://www.w3.org/1999/xlink" xlink:href="SPE-57443-MS_fig_05.tif"/> 
</fig>
<p>In the Bureau of Mines method, a graph is plotted of the cumulative measured desorbed gas content versus the square root of elapsed time since the start of gas desorption (defined as time zero) during the core recovery process. The lost gas content is the absolute value of the result obtained by extrapolating the plotted data to time zero. <xref ref-type="fig" rid="F6">Figure 6</xref> illustrates an example of this type of graph. <sup><xref ref-type="bibr" rid="R13">13</xref>,<xref ref-type="bibr" rid="R20">20</xref>,<xref ref-type="bibr" rid="R21">21</xref></sup> Gas desorption testing condition environmental factors, specifically the temperature of the coal sample and the presence of air in the canister head space during gas desorption, can significantly affect the accuracy of the lost gas volume estimate. These two sources of error are discussed in the following sections.</p>
</sec>
<sec>
<title>Effect of Gas Desorption Temperature.</title> 
<p>The Bureau of Mines recognized that the temperature of the coal sample during the gas desorption measurements affects the accuracy of the direct method gas content estimate and recommended that the coal samples be maintained at a fairly constant temperature during the gas desorption measurements.<sup><xref ref-type="bibr" rid="R39">39</xref></sup> Nonetheless, it is quite common for direct method gas desorption measurements to be performed without control of the coal sample temperature. Two temperature related factors affect the accuracy of the direct method analysis procedure. First, the rate of gas desorption from the coal is exponentially dependent upon temperature, and second, the gas sorption capacity of the coal is inversely proportional to temperature.<sup><xref ref-type="bibr" rid="R12">12</xref>-<xref ref-type="bibr" rid="R14">14</xref>,<xref ref-type="bibr" rid="R16">16</xref>-<xref ref-type="bibr" rid="R21">21</xref></sup> Hence, the coal sample temperature during gas desorption measurements affects the incremental volume of gas that desorbs as a function of time, the total measured desorbed gas volume, and the residual gas volume. The higher the coal sample temperature during the canister gas desorption measurements, the greater the rate of gas desorption and, consequently, the greater the lost gas volume calculated using the Bureau of Mines method.</p>
<p>Coal cores can experience a significant temperature decrease during coring, retrieval, and desorption. This temperature decrease significantly affects the accuracy of the lost gas volume estimate. The insert in <xref ref-type="fig" rid="F6">Figure 6</xref> illustrates the temperature behavior of a San Juan Basin Fruitland Formation coal core during the wellbore retrieval (cooling) time interval. <sup><xref ref-type="bibr" rid="R13">13</xref>,<xref ref-type="bibr" rid="R20">20</xref>,<xref ref-type="bibr" rid="R21">21</xref></sup> <xref ref-type="fig" rid="F6">Figure 6</xref> illustrates the results obtained when the Bureau of Mines lost gas analysis procedure was used to analyze gas desorption data collected from San Juan Basin Fruitland Formation coal cores maintained at reservoir and ambient surface temperature conditions. <sup><xref ref-type="bibr" rid="R13">13</xref>,<xref ref-type="bibr" rid="R20">20</xref>,<xref ref-type="bibr" rid="R21">21</xref></sup> For the data plotted in <xref ref-type="fig" rid="F6">Figure 6</xref>, the ambient temperature gas desorption data underestimated the actual lost gas volume by 58&#x0025;. This lost gas content error results in a total gas content estimate that is 30&#x0025; low. The magnitude of the lost gas content error seen with coal samples from other reservoirs will depend upon the difference between the reservoir and ambient temperatures as well as the coal&#x2019;s gas storage and diffusion properties.<sup><xref ref-type="bibr" rid="R13">13</xref>,<xref ref-type="bibr" rid="R14">14</xref>,<xref ref-type="bibr" rid="R16">16</xref>-<xref ref-type="bibr" rid="R21">21</xref></sup> This source of error can be minimized or eliminated by using water baths to maintain the desorption canisters at reservoir temperature while performing the gas desorption measurements.<sup><xref ref-type="bibr" rid="R13">13</xref>,<xref ref-type="bibr" rid="R15">15</xref>,<xref ref-type="bibr" rid="R18">18</xref>-<xref ref-type="bibr" rid="R21">21</xref></sup></p>
<fig id="F6" position="float">
<label>Figure 6</label>
<caption><p>Effect of Temperature On Estimated Lost Gas Content</p></caption>
<graphic xmlns:xlink="http://www.w3.org/1999/xlink" xlink:href="SPE-57443-MS_fig_06.tif"/> 
</fig>
</sec>
<sec>
<title>Effect of Coal Oxidation.</title> 
<p>The reaction of coal with the oxygen in air can be a significant source of error in the direct method gas content analysis procedure.<sup><xref ref-type="bibr" rid="R11">11</xref>,<xref ref-type="bibr" rid="R12">12</xref>,<xref ref-type="bibr" rid="R15">15</xref>,<xref ref-type="bibr" rid="R20">20</xref>,<xref ref-type="bibr" rid="R36">36</xref>,<xref ref-type="bibr" rid="R55">55</xref></sup> Coal is a very air sensitive material and progressively reacts with the oxygen in air.<sup><xref ref-type="bibr" rid="R34">34</xref></sup> At ambient temperature conditions, the rate of reaction of oxygen with a freshly cut reservoir coal sample can be comparable to the methane emission rate from the sample.<sup><xref ref-type="bibr" rid="R55">55</xref></sup> If freshly cut reservoir coal samples are sealed in desorption canisters with a large headspace air volume the subsequent chemical reaction between the oxygen and the coal can cause a significant underestimation error in both the measured gas desorption rate and the total measured desorbed gas volume.<sup><xref ref-type="bibr" rid="R55">55</xref></sup> In general, the magnitudes of these errors will be inversely proportional to the rank of the coal sample<sup><xref ref-type="bibr" rid="R34">34</xref></sup> and are greatest when the ratio between the total measured desorbed gas volume and the free-space void volume in the desorption canister is greater than 2:1.<sup><xref ref-type="bibr" rid="R55">55</xref></sup> This source of error can be minimized or avoided by completely filling the gas desorption canisters with coal core material and then using an inert gas or formation water to displace air from the remaining free-space void volume prior to sealing the canister and initiating the gas desorption measurements.<sup><xref ref-type="bibr" rid="R11">11</xref>,<xref ref-type="bibr" rid="R15">15</xref>,<xref ref-type="bibr" rid="R16">16</xref>,<xref ref-type="bibr" rid="R34">34</xref>,<xref ref-type="bibr" rid="R36">36</xref>,<xref ref-type="bibr" rid="R55">55</xref></sup></p>
</sec>
<sec>
<title>Best Practice Gas Content Analysis Procedure.</title> 
<p>The coal sample type (<xref ref-type="fig" rid="F3">Figure 3</xref>), lost gas analysis method (<xref ref-type="fig" rid="F5">Figure 5</xref>), and gas desorption temperature (<xref ref-type="fig" rid="F6">Figure 6</xref>) significantly affect the accuracy of the direct method gas content analysis results. <xref ref-type="table" rid="T3">Table 3</xref> lists the major causes and magnitudes of these direct method gas content errors.<sup><xref ref-type="bibr" rid="R12">12</xref>-<xref ref-type="bibr" rid="R14">14</xref>,<xref ref-type="bibr" rid="R16">16</xref>-<xref ref-type="bibr" rid="R21">21</xref></sup> The highest direct method gas content accuracy (closest agreement with the benchmark gas content values) was obtained using gas desorption data collected at reservoir temperature conditions from conventional core samples and analyzed with the Bureau of Mines lost gas procedure. The benefit of using this &#x22;best practice&#x22; analysis procedure is that it provides results of comparable accuracy to the pressure coring method at only a fraction of the cost.<sup><xref ref-type="bibr" rid="R13">13</xref>,<xref ref-type="bibr" rid="R19">19</xref>-<xref ref-type="bibr" rid="R21">21</xref></sup></p>
<table-wrap id="T3" position="float">
<label>TABLE 3</label>
<caption><p>DIRECT METHOD GAS CONTENT ERRORS</p></caption>
<table frame="box" rules="all">
<tbody>
<tr>
<td align="left" valign="top"><list list-type="order">
<list-item><p>Performing gas desorption at ambient surface temperature conditions (-30&#x0025; error).</p></list-item>
<list-item><p>Using drill cuttings samples for the gas desorption measurements (-25&#x0025; error).</p></list-item>
<list-item><p>Using either the Smith &#x0026; Williams (-40 to +14&#x0025; error) or Amoco (-31 to +119&#x0025; error) methods to calculate the lost gas volume.</p></list-item>
</list>
</td>
</tr>
</tbody>
</table>
</table-wrap>
</sec>
</sec>
<sec>
<title>Reserve Estimate Implications</title>
<p>Coalbed reservoir gas-in-place analysis involves numerous reservoir property data acquisition and interpretation challenges. Many commonly used reservoir property analysis practices have inherent shortcomings that affect the accuracy of gas-in-place analysis results. Six common reservoir property analysis practices are: (1) basing the reservoir volume on the assumption that the coalbed reservoir thickness and lateral continuity are invariant, (2) using 1.75 g/cm<sup>3</sup> as the maximum log density value when determining gross reservoir thickness, (3) using 1.32 to 1.36 g/cm<sup>3</sup> for the in-situ density of coalbed reservoirs, (4) basing the in-situ gas content on gas desorption data obtained at ambient temperature conditions, (5) basing the in-situ gas content on gas desorption data obtained from drill cuttings, and (6) basing the in-situ gas content on the assumption that the residual gas volume is negligible. These six analysis practices can result in large underestimation errors in reservoir properties and gas-in-place values.<sup><xref ref-type="bibr" rid="R20">20</xref>,<xref ref-type="bibr" rid="R21">21</xref></sup> Because these error prone analysis practices have been so widely used in the past there may be significant potential for large gas-in-place and reserve estimate gains in many existing coalbed gas fields.</p>
<p><xref ref-type="table" rid="T4">Table 4</xref> illustrates an analysis protocol that can be used to avoid or minimize common sources of errors during the evaluation of coalbed reservoir properties.<sup><xref ref-type="bibr" rid="R17">17</xref>-<xref ref-type="bibr" rid="R21">21</xref></sup> The reservoir property data obtained with this analysis protocol provide more accurate gas-in-place estimates, which generally result in significant gains in the estimated reserves and economic value of producing properties. As an example, Emerald Gas Operating Company realized a 74&#x0025; gain over their original gas-in-place estimate after using this analysis protocol to reevaluate their reservoir property data for a 17-well coalbed gas field in the San Juan Basin.<sup><xref ref-type="bibr" rid="R17">17</xref>-<xref ref-type="bibr" rid="R21">21</xref></sup></p>
<table-wrap id="T4" position="float">
<label>TABLE 4</label>
<caption><p>GAS-IN-PLACE ANALYSIS PROTOCOL</p></caption>
<table frame="box" rules="all">
<tbody>
<tr>
<td align="left" valign="top"><list list-type="order">
<list-item><p>Perform gas desorption measurements at reservoir temperature on conventional core samples.</p></list-item>
<list-item><p>Estimate the total gas content of each sample using the Direct Method lost gas content procedure.</p></list-item>
<list-item><p>Relate the total gas content of multiple samples to sample composition.</p></list-item>
<list-item><p>Relate the sample composition to density.</p></list-item>
<list-item><p>Determine the in-situ moisture content from laboratory moisture content measurements.</p></list-item>
<list-item><p>Estimate the gross thickness and average in-situ density from open-hole density log data.</p></list-item>
<list-item><p>Compute the in-situ gas content at the average reservoir density and moisture content.</p></list-item>
<list-item><p>Compute the gas-in-place volume.</p></list-item>
</list> 
</td>
</tr>
</tbody>
</table>
</table-wrap>
</sec>
<sec>
<title>Metric Conversion Factors</title>
<table-wrap id="T0" position="anchor">
<table frame="void" rules="none">
<tbody>
<tr>
<td align="left" valign="middle">acres</td>	
<td align="left" valign="middle">x 4.046</td>	
<td align="left" valign="middle">873</td>	
<td align="left" valign="middle">E+03</td> 
<td align="left" valign="middle">=</td>	
<td align="left" valign="middle">m<sup>2</sup></td>
</tr>
<tr>
<td align="left" valign="middle">ft</td>	
<td align="left" valign="middle">x 3.048<xref ref-type="table-fn" rid="TF1">*</xref></td>	
<td align="left" valign="middle"></td>
<td align="left" valign="middle">E-01</td> 
<td align="left" valign="middle">=</td>	
<td align="left" valign="middle">m</td>
</tr>
<tr>
<td align="left" valign="middle">ft<sup>3</sup></td>	
<td align="left" valign="middle">x 2.831</td>	
<td align="left" valign="middle">658</td>	
<td align="left" valign="middle">E-02</td> 
<td align="left" valign="middle">=</td>	
<td align="left" valign="middle">m<sup>3</sup></td>
</tr>
<tr>
<td align="left" valign="middle">ton</td>	
<td align="left" valign="middle">x 9.071</td>	
<td align="left" valign="middle">847</td>	
<td align="left" valign="middle">E+02</td> 
<td align="left" valign="middle">=</td>	
<td align="left" valign="middle">kg</td>
</tr>
</tbody>
</table>
<table-wrap-foot>
<fn fn-type="table-fn" id="TF1"><label>*</label> <p>conversion factor is exact</p></fn>
</table-wrap-foot>	
</table-wrap>
</sec>
</body>
<back>
<fn-group><fn fn-type="presented-at"><p>This paper was selected for presentation by an SPE Program Committee following review of information contained in an abstract submitted by the author(s). Contents of the paper, as presented, have not been reviewed by the Society of Petroleum Engineers and are subject to correction by the author(s). The material, as presented, does not necessarily reflect any position of the Society of Petroleum Engineers, its officers, or members. Papers presented at SPE meetings are subject to publication review by Editorial Committees of the Society of Petroleum Engineers. Electronic reproduction, distribution, or storage of any part of this paper for commercial purposes without the written consent of the Society of Petroleum Engineers is prohibited. Permission to reproduce in print is restricted to an abstract of not more than 300 words; illustrations may not be copied. The abstract must contain conspicuous acknowledgment of where and by whom the paper was presented. Write Librarian, SPE, P.O. Box 833836, Richardson, TX 75083-3836, U.S.A., fax 01-972-952-9435.</p></fn></fn-group>
<glossary>
<title>Nomenclature</title>
<def-list>
<title>Nomenclature</title>
<term-head>Abbreviation</term-head>
<def-head>Explanation</def-head>
<def-item><term id="G1"><italic>G</italic></term>
<def><p>gas-in-place, standard cubic feet (scf)</p></def></def-item>
<def-item><term id="G2"><italic>A</italic></term>	
<def><p>drainage area,	acres</p></def></def-item>
<def-item><term id="G3"><italic>h</italic></term>	
<def><p>thickness, feet</p></def></def-item>
<def-item><term id="G4"><inline-formula id="ineq3">
<mml:math display='inline'>
<mml:msub>
<mml:mover accent='true'>
<mml:mi>&#x03C1;</mml:mi>
<mml:mo stretchy='true'>&#x00AF;</mml:mo>
</mml:mover>
<mml:mi>c</mml:mi>
</mml:msub>
</mml:math>
</inline-formula></term>	
<def><p>average in-situ	density, g/cm<sup>3</sup></p></def></def-item>
<def-item><term id="G5"><inline-formula id="ineq4">
<mml:math display='inline'>
<mml:msub>
<mml:mover accent='true'>
<mml:mi>G</mml:mi>
<mml:mo stretchy='true'>&#x00AF;</mml:mo>
</mml:mover>
<mml:mi>c</mml:mi>
</mml:msub>
</mml:math>
</inline-formula></term>	
<def><p>average in-situ	gas content,	scf/ton</p></def></def-item>
</def-list>
</glossary>
<ref-list>
<title>References</title>
<ref id="R1">
<label>1.</label> <mixed-citation publication-type="book"><person-group person-group-type="editor"><string-name><surname>Rightmire</surname>, <given-names>C.T.</given-names></string-name>, <string-name><surname>Eddy</surname>, <given-names>G.E.</given-names></string-name>, and <string-name><surname>Kin-</surname>, <given-names>J.N.</given-names></string-name>, eds</person-group>.: <source>Coalbed Methane Resources of the United States</source>, <article-title>AAPG Studies in Geology Series #17</article-title>, <publisher-name>American Association of Petroleum Geologists</publisher-name>, <publisher-loc>Tulsa, Oklahoma</publisher-loc> (<year>1984</year>) <fpage>375</fpage> p.</mixed-citation>
</ref>
<ref id="R2">
<label>2.</label> <mixed-citation publication-type="book"><person-group person-group-type="editor"><string-name><surname>Schwochow</surname>, <given-names>S.</given-names></string-name>, ed</person-group>.: <source>The International Coal Seam Gas Report</source>, <publisher-name>Carin Point Publishing, Inc.</publisher-name>, <publisher-loc>Denver, Colorado</publisher-loc> (<year>1997</year>) <fpage>218</fpage> p.</mixed-citation>
</ref>
<ref id="R3">
<label>3.</label> <mixed-citation publication-type="book"><person-group person-group-type="author"><string-name><surname>Nelson</surname>, <given-names>C.R.</given-names></string-name></person-group>: <source>Gas Research Institute North American Coalbed Methane Resource Map</source>, <publisher-name>Gas Research Institute Report GRI-99/0131</publisher-name>, <publisher-loc>Chicago, Illinois</publisher-loc> (<year>1999</year>).</mixed-citation>
</ref>
<ref id="R4">
<label>4.</label> <mixed-citation publication-type="book"><person-group person-group-type="author"><string-name><surname>Nelson</surname>, <given-names>C.R.</given-names></string-name></person-group>: <article-title>&#x22;Changing Perceptions Regarding the Size and Production Potential of Coalbed Methane Resources,&#x22;</article-title> <source>GasTIPS</source>, Vol. <volume>5</volume>, No. <issue>2</issue> (Spring <year>1999</year>) <publisher-name>Gas Research Institute</publisher-name>, <publisher-loc>Chicago, Illinois</publisher-loc>, pp. <fpage>4</fpage>-<lpage>11</lpage>.</mixed-citation>
</ref>
<ref id="R5">
<label>5.</label> <mixed-citation publication-type="book"><person-group person-group-type="editor"><string-name><surname>Pierce</surname>, <given-names>D.E.</given-names></string-name>, <etal/>., eds</person-group>.: <source>Potential Supply of Natural Gas in the United States</source>, <publisher-name>Potential Gas Agency, Colorado School of Mines</publisher-name>, <publisher-loc>Golden, Colorado</publisher-loc> (<year>1999</year>) <fpage>195</fpage> p.</mixed-citation>
</ref>
<ref id="R6">
<label>6.</label> <mixed-citation publication-type="book"><person-group person-group-type="author"><string-name><surname>Malone</surname>, <given-names>P.G.</given-names></string-name>, <string-name><surname>Briscoe</surname>, <given-names>F.H.</given-names></string-name>, <string-name><surname>Camp</surname>, <given-names>B.S.</given-names></string-name>, and <string-name><surname>Boyer</surname>, <given-names>C.M.</given-names></string-name>, II</person-group>: <article-title>&#x22;Methods of Calculating Coalbed Methane Reserves with Insight into the Advantages and Disadvantages of Each Method,&#x22;</article-title> <source>paper 8716, Proc., 1987 Coalbed Methane Symposium</source>, <publisher-name>The University of Alabama</publisher-name>, <publisher-loc>Tuscaloosa, Alabama</publisher-loc>, pp. <fpage>73</fpage>-<lpage>79</lpage>.</mixed-citation>
</ref>
<ref id="R7">
<label>7.</label> <mixed-citation publication-type="book"><person-group person-group-type="author"><string-name><surname>Richardson</surname>, <given-names>J.S.</given-names></string-name>, <string-name><surname>Sparks</surname>, <given-names>D.P.</given-names></string-name>, and <string-name><surname>Burkett</surname>, <given-names>W.C.</given-names></string-name></person-group>: <article-title>&#x22;The TEAMProject Reserve Analysis: A Comprehensive Evaluation to Predict Ultimate Recovery of Coalbed Methane,&#x22;</article-title> <source>paper 9105, Proc., 1991 Coalbed Methane Symposium</source>, <publisher-name>The University of Alabama</publisher-name>, <publisher-loc>Tuscaloosa, Alabama</publisher-loc>, pp. <fpage>293</fpage>-<lpage>306</lpage>.</mixed-citation>
</ref>
<ref id="R8">
<label>8.</label> <mixed-citation publication-type="book"><person-group person-group-type="author"><string-name><surname>Diamond</surname>, <given-names>W.P.</given-names></string-name>, <string-name><surname>Bodden</surname>, <given-names>W.R.</given-names></string-name>, III, <string-name><surname>Zuber</surname>, <given-names>M.D.</given-names></string-name> and <string-name><surname>Schraufnagel</surname>, <given-names>R.A.</given-names></string-name></person-group>: <article-title>&#x22;Measuring the Extent of Coalbed Gas Drainage After 10 Years of Production at the Oak Grove Pattern, Alabama,&#x22;</article-title> <source>paper 8961, Proc., 1989 Coalbed Methane Symposium</source>, <publisher-name>The University of Alabama</publisher-name>, <publisher-loc>Tuscaloosa, Alabama</publisher-loc>, pp. <fpage>185</fpage>-<lpage>193</lpage>.</mixed-citation>
</ref>
<ref id="R9">
<label>9.</label> <mixed-citation publication-type="book"><person-group person-group-type="author"><string-name><surname>Close</surname>, <given-names>J.C.</given-names></string-name> and <string-name><surname>Erwin</surname>, <given-names>T.M.</given-names></string-name></person-group>: <article-title>&#x22;Significance and Determination of Gas Content Data as Related to Coalbed Methane Reservoir Evaluation and Production Implications,&#x22;</article-title> <source>paper 8922, Proc., 1989 Coalbed Methane Symposium</source>, <publisher-name>The University of Alabama</publisher-name>, <publisher-loc>Tuscaloosa, Alabama</publisher-loc>, pp. <fpage>37</fpage>-<lpage>55</lpage>.</mixed-citation>
</ref>
<ref id="R10">
<label>10.</label> <mixed-citation publication-type="book"><person-group person-group-type="author"><string-name><surname>Mayor</surname>, <given-names>M.J.</given-names></string-name>, <string-name><surname>Close</surname>, <given-names>J.C.</given-names></string-name>, and <string-name><surname>McBane</surname>, <given-names>R.A.</given-names></string-name></person-group>: <article-title>&#x22;Formation Evaluation of Exploration Coalbed Methane Wells,&#x22;</article-title> in <source>Coalbed Methane</source>, <publisher-name>SPE Reprint Series No. 35, Society of Petroleum Engineers</publisher-name>, <publisher-loc>Richardson, Texas</publisher-loc> (<year>1992</year>) p. <fpage>27</fpage>-<lpage>45</lpage>.</mixed-citation>
</ref>
<ref id="R11">
<label>11.</label> <mixed-citation publication-type="book"><person-group person-group-type="author"><string-name><surname>Mayor</surname>, <given-names>M.J.</given-names></string-name>, <string-name><surname>Pratt</surname>, <given-names>T.J.</given-names></string-name>, and <string-name><surname>Britton</surname>, <given-names>R.N.</given-names></string-name></person-group>: <article-title>&#x22;Improved Methodology for Determining Total Gas Content, Volume I. Canister Gas Desorption Data Summary,&#x22;</article-title> <publisher-name>Gas Research Institute Topical Report GRI-93/0410</publisher-name>, <publisher-loc>Chicago, Illinois</publisher-loc> (<year>1994</year>) <fpage>230</fpage> p.</mixed-citation>
</ref>
<ref id="R12">
<label>12.</label> <mixed-citation publication-type="conference"><person-group person-group-type="author"><string-name><surname>Mayor</surname>, <given-names>M.J.</given-names></string-name>, <string-name><surname>Pratt</surname>, <given-names>T.J.</given-names></string-name> and <string-name><surname>Nelson</surname>, <given-names>C.R.</given-names></string-name></person-group>: <article-title>&#x22;Quantitative Evaluation of Coal Seam Gas Content Estimate Accuracy,&#x22;</article-title> <conf-name>paper SPE 29577 presented at the 1995 SPE Joint Rocky Mountain Regional/Low-Permeability Reservoirs Symposium</conf-name>, <conf-loc>Denver, Colorado</conf-loc> <conf-date>March 20-22</conf-date>.</mixed-citation>
</ref>
<ref id="R13">
<label>13.</label> <mixed-citation publication-type="journal"><person-group person-group-type="author"><string-name><surname>Mayor</surname>, <given-names>M.J.</given-names></string-name>, <string-name><surname>Pratt</surname>, <given-names>T.J.</given-names></string-name>, and <string-name><surname>Nelson</surname>, <given-names>C.R.</given-names></string-name></person-group>: <article-title>&#x22;Quantify the Accuracy of Coal Seam Gas Content,&#x22;</article-title> <source>Petroleum Engineer International</source>, V. <volume>68</volume>, No. <issue>10</issue> (<month>October</month> <year>1995</year>) pp. <fpage>37</fpage>-<lpage>42</lpage>.</mixed-citation>
</ref>
<ref id="R14">
<label>14.</label> <mixed-citation publication-type="conference"><person-group person-group-type="author"><string-name><surname>Mayor</surname>, <given-names>M.J.</given-names></string-name>, <string-name><surname>Pratt</surname>, <given-names>T.J.</given-names></string-name>, and <string-name><surname>Nelson</surname>, <given-names>C.R.</given-names></string-name></person-group>: <article-title>&#x22;Quantitative Evaluation of Coal Seam Gas Content Estimate Accuracy,&#x22;</article-title> <conf-name>paper 9525, Proc., INTERGAS '95, The University of Alabama</conf-name>, <conf-loc>Tuscaloosa, Alabama</conf-loc> (<conf-date>May 15-19</conf-date>, <year>1995</year>) pp. <fpage>379</fpage>-<lpage>388</lpage>.</mixed-citation>
</ref>
<ref id="R15">
<label>15.</label> <mixed-citation publication-type="book"><person-group person-group-type="author"><string-name><surname>McLennan</surname>, <given-names>J.D.</given-names></string-name>, <string-name><surname>Schafer</surname>, <given-names>P.S.</given-names></string-name>, and <string-name><surname>Pratt</surname>, <given-names>T.J.</given-names></string-name></person-group>: <source>A Guide to Determining Coalbed Gas Content</source>, <publisher-name>Gas Research Institute Report GRI-94/0396</publisher-name>, <publisher-loc>Chicago, Illinois</publisher-loc> (<year>1995</year>) <fpage>182</fpage> p.</mixed-citation>
</ref>
<ref id="R16">
<label>16.</label> <mixed-citation publication-type="book"><person-group person-group-type="author"><string-name><surname>Mayor</surname>, <given-names>M.J.</given-names></string-name> and <string-name><surname>Pratt</surname>, <given-names>T.J.</given-names></string-name></person-group>: <article-title>&#x22;Improved Methodology for Determining Total Gas Content, Volume II. Comparative Evaluation of the Accuracy of Gas-In-Place Estimates and Review of Lost Gas Models,&#x22;</article-title> <publisher-name>Gas Research Institute Topical Report GRI-94/0429</publisher-name>, <publisher-loc>Chicago, Illinois</publisher-loc> (<year>1996</year>) <fpage>167</fpage> p.</mixed-citation>
</ref>
<ref id="R17">
<label>17.</label> <mixed-citation publication-type="conference"><person-group person-group-type="author"><string-name><surname>Mayor</surname>, <given-names>M.J.</given-names></string-name>, <string-name><surname>Pratt</surname>, <given-names>T.J.</given-names></string-name>, <string-name><surname>Nelson</surname>, <given-names>C.R.</given-names></string-name>, and <string-name><surname>Casey</surname>, <given-names>T.A.</given-names></string-name></person-group>: <article-title>&#x22;Improved Gas-In-Place Determination for Coal Gas Reservoirs,&#x22;</article-title> <conf-name>paper SPE 35623, presented at the SPE Gas Technology Symposium</conf-name>, <conf-loc>Calgary, Alberta, Canada</conf-loc>, <conf-date>April 28 - May 1</conf-date>, <year>1996</year>.</mixed-citation>
</ref>
<ref id="R18">
<label>18.</label> <mixed-citation publication-type="book"><person-group person-group-type="author"><string-name><surname>Nelson</surname>, <given-names>C.R.</given-names></string-name> and <string-name><surname>Mayor</surname>, <given-names>M.J.</given-names></string-name></person-group>: <article-title>&#x22;Improved Coal Seam Reservoir Gas-In-Place Analysis Protocol,&#x22;</article-title> <publisher-name>Gas Research Institute Report GRI-96/0481</publisher-name>, <publisher-loc>Chicago, Illinois</publisher-loc> (<year>1996</year>) <fpage>4</fpage> p.</mixed-citation>
</ref>
<ref id="R19">
<label>19.</label> <mixed-citation publication-type="journal"><person-group person-group-type="author"><string-name><surname>Nelson</surname>, <given-names>C.R.</given-names></string-name>, <string-name><surname>Mayor</surname>, <given-names>M.J.</given-names></string-name>, <string-name><surname>Pratt</surname>, <given-names>T.J.</given-names></string-name> and <string-name><surname>T.A. Casey</surname>, <given-names>T.A.</given-names></string-name></person-group>: <article-title>&#x22;Protocol Ups Coal Seam Gas Analysis,&#x22;</article-title> <source>The American Oil and Gas Reporter</source>, V. <volume>40</volume>, No. <issue>10</issue> (<month>October</month> <year>1997</year>) pp. <fpage>86</fpage>-<lpage>89</lpage>.</mixed-citation>
</ref>
<ref id="R20">
<label>20.</label> <mixed-citation publication-type="book"><person-group person-group-type="author"><string-name><surname>Mayor</surname>, <given-names>M.J.</given-names></string-name> and <string-name><surname>Nelson</surname>, <given-names>C.R.</given-names></string-name></person-group>: <source>Coalbed Reservoir Gas-In-Place Analysis</source>, <publisher-name>Gas Research Institute Report GRI-97/0263</publisher-name>, <publisher-loc>Chicago, Illinois</publisher-loc> (<year>1997</year>) <fpage>144</fpage> p.</mixed-citation>
</ref>
<ref id="R21">
<label>21.</label> <mixed-citation publication-type="book"><person-group person-group-type="author"><string-name><surname>Nelson</surname>, <given-names>C.R.</given-names></string-name></person-group>: <article-title>&#x22;Advances in Coalbed Reservoir Gas-In-Place Analysis,&#x22;</article-title> <source>GasTIPS</source>, Vol. <volume>4</volume>, No. <issue>1</issue> (Winter <year>1997/1998</year>) <publisher-name>Gas Research Institute</publisher-name>, <publisher-loc>Chicago, Illinois</publisher-loc> pp. <fpage>14</fpage>-<lpage>19</lpage>.</mixed-citation>
</ref>
<ref id="R22">
<label>22.</label> <mixed-citation publication-type="book"><person-group person-group-type="author"><string-name><surname>Mayor</surname>, <given-names>M.J.</given-names></string-name> and <string-name><surname>Pratt</surname>, <given-names>T.J.</given-names></string-name></person-group>: <source>COREGASTM Database</source>, <publisher-name>&#x00A9; Gas Research Institute</publisher-name>, <publisher-loc>Chicago, Illinois</publisher-loc> (<year>1994</year>).</mixed-citation>
</ref>
<ref id="R23">
<label>23.</label> <mixed-citation publication-type="book"><person-group person-group-type="author"><string-name><surname>Close</surname>, <given-names>J.C.</given-names></string-name></person-group>: <article-title>&#x22;Natural Fractures in Coal,&#x22;</article-title> in <source>Hydrocarbons From Coal, AAPG Studies in Geology #38</source>, <person-group person-group-type="editor"><string-name><surname>Law</surname>, <given-names>B.E.</given-names></string-name> and <string-name><surname>Rice</surname>, <given-names>D.D.</given-names></string-name>, eds.</person-group>, <publisher-name>American Association of Petroleum Geologists</publisher-name>, <publisher-loc>Tulsa, Oklahoma</publisher-loc> (<year>1993</year>) pp. <fpage>119</fpage>-<lpage>132</lpage>.</mixed-citation>
</ref>
<ref id="R24">
<label>24.</label> <mixed-citation publication-type="book"><person-group person-group-type="author"><string-name><surname>Jones</surname>, <given-names>A.B.</given-names></string-name>, <string-name><surname>Bell</surname>, <given-names>G.J.</given-names></string-name>, and <string-name><surname>Schraufnagel</surname>, <given-names>R.A.</given-names></string-name></person-group>: <article-title>&#x22;A Review of the Physical and Mechanical Properties of Coal with Implications for Coal-Bed Methane Well Completion and Production,&#x22;</article-title> in <source>Geology and Coal-Bed Methane Resources of the Northern San Juan Basin, Colorado and New Mexico</source>, <person-group person-group-type="editor"><string-name><surname>Fassett</surname>, <given-names>J.E.</given-names></string-name>, ed.</person-group>, <publisher-name>Rocky Mountain Association of Geologists</publisher-name>, <publisher-loc>Denver, Colorado</publisher-loc> (<year>1988</year>) pp. <fpage>169</fpage>-<lpage>181</lpage>.</mixed-citation>
</ref>
<ref id="R25">
<label>25.</label> <mixed-citation publication-type="book"><person-group person-group-type="author"><string-name><surname>Mayor</surname>, <given-names>M.J.</given-names></string-name></person-group>: <article-title>&#x22;Coalbed Reservoir Properties,&#x22;</article-title> in <source>A Guide to Coalbed Methane Reservoir Engineering</source>, <person-group person-group-type="editor"><string-name><surname>Saulsberry</surname>, <given-names>J.L.</given-names></string-name>, <string-name><surname>Schafer</surname>, <given-names>P.S.</given-names></string-name> and <string-name><surname>Schraufnagel</surname>, <given-names>R.A.</given-names></string-name>, eds.</person-group>, <publisher-name>Gas Research Institute Report GRI-94/0397</publisher-name>, <publisher-loc>Chicago, Illinois</publisher-loc> (<year>1996</year>) pp. <fpage>4.1</fpage>-<lpage>4.58</lpage>.</mixed-citation>
</ref>
<ref id="R26">
<label>26.</label> <mixed-citation publication-type="book"><person-group person-group-type="author"><string-name><surname>Enever</surname>, <given-names>J.R.E.</given-names></string-name> and <string-name><surname>Hennig</surname>, <given-names>A.</given-names></string-name></person-group>: <article-title>&#x22;The Relationship Between Permeability and Effective Stress for Australian Coals and Its Implications with Respect to Coalbed Methane Exploration and Reservoir Modelling,&#x22;</article-title> <source>paper 9722, Proc., 1997 International Coalbed Methane Symposium</source>, <publisher-name>The University of Alabama</publisher-name>, <publisher-loc>Tuscaloosa, Alabama</publisher-loc>, pp. <fpage>13</fpage>-<lpage>22</lpage>.</mixed-citation>
</ref>
<ref id="R27">
<label>27.</label> <mixed-citation publication-type="book"><person-group person-group-type="author"><string-name><surname>Saulsberry</surname>, <given-names>J.L.</given-names></string-name>, <string-name><surname>Lambert</surname>, <given-names>S.W.</given-names></string-name>, <string-name><surname>Wallace</surname>, <given-names>J.A.</given-names></string-name>, <string-name><surname>Spafford</surname>, <given-names>S.D.</given-names></string-name>, and <string-name><surname>Steidl</surname>, <given-names>P.F.</given-names></string-name></person-group>: <article-title>&#x22;Rock Creek Multiple Coal Seams Project,&#x22;</article-title> <publisher-name>Gas Research Institute Final Report GRI-95/0036</publisher-name>, <publisher-loc>Chicago, Illinois</publisher-loc> (<year>1995</year>) <fpage>110</fpage> p.</mixed-citation>
</ref>
<ref id="R28">
<label>28.</label> <mixed-citation publication-type="book"><person-group person-group-type="author"><string-name><surname>Mayor</surname>, <given-names>M.J.</given-names></string-name> and <string-name><surname>Logan</surname>, <given-names>T.L.</given-names></string-name></person-group>: <article-title>&#x22;Western Cretaceous Coal Seam Project,&#x22;</article-title> <publisher-name>Gas Research Institute Final Report GRI-94/0089</publisher-name>, <publisher-loc>Chicago, Illinois</publisher-loc> (<year>1995</year>) <fpage>155</fpage> p.</mixed-citation>
</ref>
<ref id="R29">
<label>29.</label> <mixed-citation publication-type="journal"><person-group person-group-type="author"><string-name><surname>Neavel</surname>, <given-names>R.C.</given-names></string-name>, <string-name><surname>Smith</surname>, <given-names>S.E.</given-names></string-name>, <string-name><surname>Hippo</surname>, <given-names>E.J.</given-names></string-name>, and <string-name><surname>Miller</surname>, <given-names>R.N.</given-names></string-name></person-group>: <article-title>&#x22;Interrelationships Between Coal Compositional Parameters,&#x22;</article-title> <source>Fuel</source>, V. <volume>65</volume>(<year>1986</year>) <fpage>pp. 312</fpage>&#x2013;<lpage>320</lpage>.</mixed-citation>
</ref>
<ref id="R30">
<label>30.</label> <mixed-citation publication-type="journal"><person-group person-group-type="author"><string-name><surname>Unsworth</surname>, <given-names>J.F.</given-names></string-name>, <string-name><surname>Fowler</surname>, <given-names>C.S.</given-names></string-name>, and <string-name><surname>Jones</surname>, <given-names>L.F.</given-names></string-name></person-group>: <article-title>&#x22;Moisture in Coal: 2. Maceral Effects on Pore Structure,&#x22;</article-title> <source>Fuel</source>, V. <volume>68</volume> (<year>1989</year>) pp. <fpage>18</fpage>-<lpage>26</lpage>.</mixed-citation>
</ref>
<ref id="R31">
<label>31.</label> <mixed-citation publication-type="journal"><person-group person-group-type="author"><string-name><surname>Schopf</surname>, <given-names>J.M.</given-names></string-name></person-group>: <article-title>&#x22;A Definition of Coal,&#x22; <italic>Economic Geology</italic></article-title>, <source><bold>V</bold></source>. <volume><bold>51</bold></volume> (<year>1956</year>) <fpage>pp. 521</fpage>&#x2013;<lpage>527</lpage>.</mixed-citation>
</ref>
<ref id="R32">
<label>32.</label> <mixed-citation publication-type="book"><person-group person-group-type="author"><string-name><surname>Close</surname>, <given-names>J.</given-names></string-name>, <string-name><surname>Woolverton</surname>, <given-names>S.</given-names></string-name>, and <string-name><surname>Swainson</surname>, <given-names>K.</given-names></string-name></person-group>: <article-title>&#x22;Non-Fairway, Underpressured Fruitland Coal Resource Characterization Study, Southern San Juan Basin, New Mexico,&#x22;</article-title> <source>paper 9727, Proc., 1997 International Coalbed Methane Symposium</source>, <publisher-name>The University of Alabama</publisher-name>, <publisher-loc>Tuscaloosa, Alabama</publisher-loc>, pp. <fpage>23</fpage>-<lpage>32</lpage>.</mixed-citation>
</ref>
<ref id="R33">
<label>33.</label> <mixed-citation publication-type="book"><person-group person-group-type="author"><string-name><surname>Burns</surname>, <given-names>T.D.</given-names></string-name> and <string-name><surname>Lamarre</surname>, <given-names>R.A.</given-names></string-name></person-group>: <article-title>&#x22;Drunkards Wash Project: Coalbed Methane Production from Ferron Coals in East-Central Utah,&#x22;</article-title> <source>paper 9709, Proc., 1997 International Coalbed Methane Symposium</source>, <publisher-name>The University of Alabama</publisher-name>, <publisher-loc>Tuscaloosa</publisher-loc>, pp. <fpage>507</fpage>-<lpage>520</lpage>.</mixed-citation>
</ref>
<ref id="R34">
<label>34.</label> <mixed-citation publication-type="book"><person-group person-group-type="author"><string-name><surname>Nelson</surname>, <given-names>C.R.</given-names></string-name>, ed</person-group>.: <source>Chemistry of Coal Weathering</source>, <publisher-name>Elsevier Science Publishers</publisher-name>, <publisher-loc>New York</publisher-loc> (<year>1989</year>) <fpage>230</fpage> p.</mixed-citation>
</ref>
<ref id="R35">
<label>35.</label> <mixed-citation publication-type="conference"><person-group person-group-type="author"><string-name><surname>Holland</surname>, <given-names>J.R.</given-names></string-name> and <string-name><surname>Kimmons</surname>, <given-names>J.W.</given-names></string-name></person-group>: <article-title>&#x22;Characteristics and Economics of Coalbed Methane Production from the Fort Union Formation, Powder River Basin,&#x22;</article-title> <conf-name>paper 9549, Proc., INTER GAS '95, The University of Alabama</conf-name>, <conf-loc>Tuscaloosa, Alabama</conf-loc> (<conf-date>May 15-19</conf-date>, <year>1995</year>) pp. <fpage>115</fpage>-<lpage>123</lpage>.</mixed-citation>
</ref>
<ref id="R36">
<label>36.</label> <mixed-citation publication-type="conference"><person-group person-group-type="author"><string-name><surname>Pratt</surname>, <given-names>T.J.</given-names></string-name>, <string-name><surname>Mayor</surname>, <given-names>M.J.</given-names></string-name>, and <string-name><surname>DeBruyn</surname>, <given-names>R.P.</given-names></string-name></person-group>: <article-title>&#x22;Coal Gas Resource and Production Potential of Subbituminous Coal in the Powder River Basin,&#x22;</article-title> <conf-name>paper SPE 55599 presented at the 1999 Rocky Mountain Regional Meeting</conf-name>, <conf-loc>Gillette, WY</conf-loc>, <conf-date>May 15-18</conf-date>.</mixed-citation>
</ref>
<ref id="R37">
<label>37.</label> <mixed-citation publication-type="book"><article-title>Standard Test Method for Ash in the Analysis Sample of Coal and Coke From Coal, D</article-title> <volume>3174-82</volume>: <source>Annual Book of ASTM Standards</source>, <publisher-loc>Philadelphia, Pennsylvania</publisher-loc> (<year>1988</year>) pp. <fpage>297</fpage>&#x2013;<lpage>299</lpage>.</mixed-citation>
</ref>
<ref id="R38">
<label>38.</label> <mixed-citation publication-type="journal"><person-group person-group-type="author"><string-name><surname>Bertard</surname>, <given-names>C.</given-names></string-name>, <string-name><surname>Bruyet</surname>, <given-names>B.</given-names></string-name>, and <string-name><surname>Gunther</surname>, <given-names>J.</given-names></string-name></person-group>: <article-title>&#x22;Determination of Desorbable Gas Concentration of Coal (Direct Method),&#x22;</article-title> <source>International Journal of Rock Mechanics and Mining Science</source>, V. <volume>7</volume> (<year>1970</year>) pp. <fpage>43</fpage>&#x2013;<lpage>65</lpage>.</mixed-citation>
</ref>
<ref id="R39">
<label>39.</label> <mixed-citation publication-type="book"><person-group person-group-type="author"><string-name><surname>Kissell</surname>, <given-names>F.N.</given-names></string-name>, <string-name><surname>McCulloch</surname>, <given-names>C.M.</given-names></string-name>, and <string-name><surname>Elder</surname>, <given-names>C.H.</given-names></string-name></person-group>: <article-title>&#x22;The Direct Method of Determining Methane Content of Coalbeds for Ventilation Design,&#x22;</article-title> <publisher-name>Report of Investigations 7767, United States Department of the Interior, Bureau of Mines</publisher-name>, <publisher-loc>Washington, D.C.</publisher-loc> (<year>1973</year>) <fpage>17</fpage> p.</mixed-citation>
</ref>
<ref id="R40">
<label>40.</label> <mixed-citation publication-type="book"><person-group person-group-type="author"><string-name><surname>McCulloch</surname>, <given-names>C.M.</given-names></string-name>, <string-name><surname>Levine</surname>, <given-names>J.R.</given-names></string-name>, <string-name><surname>Kissell</surname>, <given-names>F.N.</given-names></string-name>, and <string-name><surname>Deul</surname>, <given-names>M.</given-names></string-name></person-group>: <article-title>Measuring the Methane Content of Bituminous Coalbeds, Report of Investigations 8043</article-title>, <publisher-name>United States Department of the Interior, Bureau of Mines</publisher-name>, <publisher-loc>Washington, D.C.</publisher-loc> (<year>1975</year>) <fpage>22</fpage> p.</mixed-citation>
</ref>
<ref id="R41">
<label>41.</label> <mixed-citation publication-type="book"><person-group person-group-type="author"><string-name><surname>Diamond</surname>, <given-names>W.P.</given-names></string-name> and <string-name><surname>Levine</surname>, <given-names>J.R.</given-names></string-name></person-group>: <source>Direct Method Determination of the Gas Content of Coal: Procedures and Results</source>, <publisher-name>Report of Investigations 8515, United States Department of the Interior, Bureau of Mines</publisher-name>, <publisher-loc>Washington, D.C.</publisher-loc> (<year>1981</year>) <fpage>36</fpage> p.</mixed-citation>
</ref>
<ref id="R42">
<label>42.</label> <mixed-citation publication-type="conference"><person-group person-group-type="author"><string-name><surname>Eddy</surname>, <given-names>G.E.</given-names></string-name>, <string-name><surname>Rightmire</surname>, <given-names>C.T.</given-names></string-name>, and <string-name><surname>Byrer</surname>, <given-names>C.W.</given-names></string-name></person-group>: <article-title>&#x22;Relationship of Methane Content of Coal Rank and Depth: Theoretical vs. Observed,&#x22;</article-title> <conf-name>paper SPE/DOE 10800, presented at the 1982 SPE/DOE Unconventional Gas Recovery Symposium</conf-name>, <conf-loc>Pittsburgh, Pennsylvania</conf-loc>, <conf-date>May 16-18</conf-date>.</mixed-citation>
</ref>
<ref id="R43">
<label>43.</label> <mixed-citation publication-type="book"><person-group person-group-type="author"><string-name><surname>Hewitt</surname>, <given-names>J.L.</given-names></string-name></person-group>: <article-title>&#x22;Geologic Overview, Coal and Coalbed Methane Resources of the Warrior Basin - Alabama and Mississippi,&#x22;</article-title> in <source>Coalbed Methane Resources of the United States, AAPG Studies in Geology Series #17</source>, <person-group person-group-type="editor"><string-name><surname>Rightmire</surname>, <given-names>C.T.</given-names></string-name>, <string-name><surname>Eddy</surname>, <given-names>G.E.</given-names></string-name>, and <string-name><given-names>J.N.</given-names></string-name>, eds.</person-group>, <publisher-name>American Association of Petroleum Geologists</publisher-name>, <publisher-loc>Tulsa, Oklahoma</publisher-loc> (<year>1984</year>) pp. <fpage>73</fpage>-<lpage>104</lpage>.</mixed-citation>
</ref>
<ref id="R44">
<label>44.</label> <mixed-citation publication-type="book"><person-group person-group-type="author"><string-name><surname>Telle</surname>, <given-names>W.R.</given-names></string-name> and <string-name><surname>Thompson</surname>, <given-names>D.A.</given-names></string-name></person-group>: <article-title>&#x22;Coalbed Methane Development Prospects in Southern Tuscaloosa County, Alabama,&#x22;</article-title> <source>paper 8966, Proc., 1989 Coalbed Methane Symposium</source>, <publisher-name>The University of Alabama</publisher-name>, <publisher-loc>Tuscaloosa, Alabama</publisher-loc>, pp. <fpage>225</fpage>-<lpage>239</lpage>.</mixed-citation>
</ref>
<ref id="R45">
<label>45.</label> <mixed-citation publication-type="book"><person-group person-group-type="author"><string-name><surname>Hunt</surname>, <given-names>A.M.</given-names></string-name> and <string-name><surname>Steele</surname>, <given-names>D.J.</given-names></string-name></person-group>: <article-title>&#x22;Coalbed Methane Development in the Northern and Central Appalachian Basins - Past, Present and Future,&#x22;</article-title> <source>paper 9161, Proc., 1991 International Coalbed Methane Symposium</source>, <publisher-name>The University of Alabama</publisher-name>, <publisher-loc>Tuscaloosa, Alabama</publisher-loc>, pp. <fpage>127</fpage>-<lpage>141</lpage>.</mixed-citation>
</ref>
<ref id="R46">
<label>46.</label> <mixed-citation publication-type="book"><person-group person-group-type="author"><string-name><surname>Knox</surname>, <given-names>L.M.</given-names></string-name></person-group>: <article-title>&#x22;Coalbed Methane in Upper Silesia, Poland - A Comprehensive, Integrated Study,&#x22;</article-title> <source>paper 9728, Proc., 1997 International Coalbed Methane Symposium</source>, <publisher-name>The University of Alabama</publisher-name>, <publisher-loc>Tuscaloosa, Alabama</publisher-loc>, pp. <fpage>127</fpage>-<lpage>135</lpage>.</mixed-citation>
</ref>
<ref id="R47">
<label>47.</label> <mixed-citation publication-type="book"><person-group person-group-type="author"><string-name><surname>McFail</surname>, <given-names>K.S.</given-names></string-name>, <string-name><surname>Wicks</surname>, <given-names>D.E.</given-names></string-name>, and <string-name><surname>Kuuskraa</surname>, <given-names>V.A.</given-names></string-name></person-group>: <article-title>&#x22;A Geologic Assessment of Natural Gas from Coal Seams in the Warrior Basin, Alabama,&#x22;</article-title> <publisher-name>Gas Research Institute Topical Report GRI-86/0272</publisher-name>, <publisher-loc>Chicago, Illinois</publisher-loc> (<year>1986</year>) <fpage>125</fpage> p.</mixed-citation>
</ref>
<ref id="R48">
<label>48.</label> <mixed-citation publication-type="conference"><person-group person-group-type="author"><string-name><surname>Zuber</surname>, <given-names>M.D.</given-names></string-name> and <string-name><surname>Olszewski</surname>, <given-names>A.J.</given-names></string-name></person-group>: <article-title>&#x22;The Impact of Errors in Measurements of Coalbed Methane Reservoir Properties on Well Production Forecasts,&#x22;</article-title> <conf-name>paper SPE 24908, presented at the 1992 SPE Annual Technical Conference and Exhibition</conf-name>, <conf-loc>Washington, D.C.</conf-loc>, <conf-date>October 4-7</conf-date>.</mixed-citation>
</ref>
<ref id="R49">
<label>49.</label> <mixed-citation publication-type="book"><person-group person-group-type="author"><string-name><surname>Choate</surname>, <given-names>R.</given-names></string-name>, <string-name><surname>Lent</surname>, <given-names>J.</given-names></string-name>, and <string-name><surname>Rightmire</surname>, <given-names>C.T.</given-names></string-name></person-group>: <article-title>&#x22;Upper Cretaceous Geology, Coal, and the Potential for Methane Recovery from Coalbeds in San Juan Basin - Colorado and New Mexico,&#x22;</article-title> in <source>Coalbed Methane Resources of the United States, AAPG Studies in Geology Series #17</source>, <person-group person-group-type="editor"><string-name><surname>Rightmire</surname>, <given-names>C.T.</given-names></string-name>, <string-name><surname>Eddy</surname>, <given-names>G.E.</given-names></string-name> and <string-name><given-names>J.N.</given-names></string-name>, eds.</person-group>, <publisher-name>American Association of Petroleum Geologists</publisher-name>, <publisher-loc>Tulsa, Oklahoma</publisher-loc> (<year>1984</year>) pp. <fpage>185</fpage>-<lpage>222</lpage>.</mixed-citation>
</ref>
<ref id="R50">
<label>50.</label> <mixed-citation publication-type="book"><person-group person-group-type="author"><string-name><surname>Kelso</surname>, <given-names>B.S.</given-names></string-name>, <string-name><surname>Wicks</surname>, <given-names>D.E.</given-names></string-name>, and <string-name><surname>Kuuskraa</surname>, <given-names>V.A.</given-names></string-name></person-group>: <article-title>&#x22;A Geologic Assessment of Natural Gas From Coal Seams in the Fruitland Formation, San Juan Basin,&#x22;</article-title> <publisher-name>Gas Research Institute Topical Report GRI-87/0341</publisher-name>, <publisher-loc>Chicago, Illinois</publisher-loc> (<year>1988</year>) <fpage>56</fpage> p.</mixed-citation>
</ref>
<ref id="R51">
<label>51.</label> <mixed-citation publication-type="conference"><person-group person-group-type="author"><string-name><surname>Smith</surname>, <given-names>D.M.</given-names></string-name> and <string-name><surname>Williams</surname>, <given-names>F.L.</given-names></string-name></person-group>: <article-title>&#x22;A New Technique for Determining the Methane Content of Coal,&#x22;</article-title> <conf-name>Proc., 16th Intersociety Energy Conservation Engineering Conference</conf-name>, <conf-loc>Atlanta, Georgia</conf-loc> (<year>1981</year>) pp. <fpage>1,267</fpage>-<lpage>1,272</lpage>.</mixed-citation>
</ref>
<ref id="R52">
<label>52.</label> <mixed-citation publication-type="journal"><person-group person-group-type="author"><string-name><surname>Smith</surname>, <given-names>D.M.</given-names></string-name> and <string-name><surname>Williams</surname>, <given-names>F.L.</given-names></string-name></person-group>: <article-title>&#x22;Diffusion Models for Gas Production From Coals, Application to Methane Content Determination,&#x22;</article-title> <source>Fuel</source>, V. <volume>63</volume> (<year>1984</year>) pp. <fpage>251</fpage>&#x2013;<lpage>255</lpage>.</mixed-citation>
</ref>
<ref id="R53">
<label>53.</label> <mixed-citation publication-type="journal"><person-group person-group-type="author"><string-name><surname>Smith</surname>, <given-names>D.M.</given-names></string-name> and <string-name><surname>Williams</surname>, <given-names>F.L.</given-names></string-name></person-group>: <article-title>&#x22;Direct Method of Determining the Methane Content of Coal - A Modification,&#x22;</article-title> <source>Fuel</source>, V. <volume>63</volume> (<year>1984</year>) pp. <fpage>425</fpage>&#x2013;<lpage>427</lpage>.</mixed-citation>
</ref>
<ref id="R54">
<label>54.</label> <mixed-citation publication-type="book"><person-group person-group-type="author"><string-name><surname>Yee</surname>, <given-names>D.</given-names></string-name>, <string-name><surname>Seidle</surname>, <given-names>J.P.</given-names></string-name>, and <string-name><surname>Hanson</surname>, <given-names>W.B.</given-names></string-name></person-group>: <article-title>&#x22;Gas Sorption on Coal and Measurement of Gas Content,&#x22;</article-title> in <source>Hydrocarbons From Coal, AAPG Studies in Geology #38</source>, <person-group person-group-type="editor"><string-name><surname>Law</surname>, <given-names>B.E.</given-names></string-name> and <string-name><surname>Rice</surname>, <given-names>D.D.</given-names></string-name>, eds.</person-group>, <publisher-name>American Association of Petroleum Geologists</publisher-name>, <publisher-loc>Tulsa, Oklahoma</publisher-loc> (<year>1993</year>) pp. <fpage>203</fpage>-<lpage>218</lpage>.</mixed-citation>
</ref>
<ref id="R55">
<label>55.</label> <mixed-citation publication-type="book"><person-group person-group-type="author"><string-name><surname>Ulery</surname>, <given-names>J.P.</given-names></string-name> and <string-name><surname>Hyman</surname>, <given-names>D.M.</given-names></string-name></person-group>: <article-title>&#x22;The Modified Direct Method of Gas Content Determination: Applications and Results,&#x22;</article-title> <source>paper 9163, Proc., 1991 Coalbed Methane Symposium</source>, <publisher-name>The University of Alabama</publisher-name>, <publisher-loc>Tuscaloosa, Alabama</publisher-loc>, pp. <fpage>489</fpage>-<lpage>500</lpage>.</mixed-citation>
</ref>
</ref-list>
</back>
</article>
